<?xml version='1.0'  encoding='UTF-8' ?>
<RESULTS>
	<ROW>
		<COLUMN NAME="MOVIE_ID"><![CDATA[K21186]]></COLUMN>
		<COLUMN NAME="MOVIE_RANK"><![CDATA[08]]></COLUMN>
	</ROW>
	<ROW>
		<COLUMN NAME="MOVIE_ID"><![CDATA[K20742]]></COLUMN>
		<COLUMN NAME="MOVIE_RANK"><![CDATA[09]]></COLUMN>
	</ROW>
	<ROW>
		<COLUMN NAME="MOVIE_ID"><![CDATA[K21400]]></COLUMN>
		<COLUMN NAME="MOVIE_RANK"><![CDATA[06]]></COLUMN>
	</ROW>
	<ROW>
		<COLUMN NAME="MOVIE_ID"><![CDATA[K17515]]></COLUMN>
		<COLUMN NAME="MOVIE_RANK"><![CDATA[10]]></COLUMN>
	</ROW>
	<ROW>
		<COLUMN NAME="MOVIE_ID"><![CDATA[F48252]]></COLUMN>
		<COLUMN NAME="MOVIE_RANK"><![CDATA[07]]></COLUMN>
	</ROW>
	<ROW>
		<COLUMN NAME="MOVIE_ID"><![CDATA[F48335]]></COLUMN>
		<COLUMN NAME="MOVIE_RANK"><![CDATA[03]]></COLUMN>
	</ROW>
	<ROW>
		<COLUMN NAME="MOVIE_ID"><![CDATA[K20477]]></COLUMN>
		<COLUMN NAME="MOVIE_RANK"><![CDATA[04]]></COLUMN>
	</ROW>
	<ROW>
		<COLUMN NAME="MOVIE_ID"><![CDATA[F48999]]></COLUMN>
		<COLUMN NAME="MOVIE_RANK"><![CDATA[05]]></COLUMN>
	</ROW>
	<ROW>
		<COLUMN NAME="MOVIE_ID"><![CDATA[K17732]]></COLUMN>
		<COLUMN NAME="MOVIE_RANK"><![CDATA[01]]></COLUMN>
	</ROW>
	<ROW>
		<COLUMN NAME="MOVIE_ID"><![CDATA[F48336]]></COLUMN>
		<COLUMN NAME="MOVIE_RANK"><![CDATA[02]]></COLUMN>
	</ROW>
</RESULTS>