<?xml version='1.0'  encoding='UTF-8' ?>
<RESULTS>
	<ROW>
		<COLUMN NAME="CODE_TYPE_ID"><![CDATA[SCREENSTATE]]></COLUMN>
		<COLUMN NAME="CODE_ID"><![CDATA[000]]></COLUMN>
		<COLUMN NAME="CODE_NM"><![CDATA[기본상태]]></COLUMN>
		<COLUMN NAME="USE_YN"><![CDATA[1]]></COLUMN>
		<COLUMN NAME="NUM"><![CDATA[1]]></COLUMN>
		<COLUMN NAME="LVL"><![CDATA[1]]></COLUMN>
		<COLUMN NAME="REG_DT"><![CDATA[19/10/07]]></COLUMN>
		<COLUMN NAME="MOD_ID"><![CDATA[admin]]></COLUMN>
		<COLUMN NAME="MOD_DT"><![CDATA[19/10/07]]></COLUMN>
	</ROW>
	<ROW>
		<COLUMN NAME="CODE_TYPE_ID"><![CDATA[QNA_SEARCH]]></COLUMN>
		<COLUMN NAME="CODE_ID"><![CDATA[10]]></COLUMN>
		<COLUMN NAME="CODE_NM"><![CDATA[제목]]></COLUMN>
		<COLUMN NAME="USE_YN"><![CDATA[1]]></COLUMN>
		<COLUMN NAME="NUM"><![CDATA[1]]></COLUMN>
		<COLUMN NAME="LVL"><![CDATA[1]]></COLUMN>
		<COLUMN NAME="REG_DT"><![CDATA[19/10/12]]></COLUMN>
		<COLUMN NAME="MOD_ID"><![CDATA[admin]]></COLUMN>
		<COLUMN NAME="MOD_DT"><![CDATA[19/10/12]]></COLUMN>
	</ROW>
	<ROW>
		<COLUMN NAME="CODE_TYPE_ID"><![CDATA[QNA_SEARCH]]></COLUMN>
		<COLUMN NAME="CODE_ID"><![CDATA[20]]></COLUMN>
		<COLUMN NAME="CODE_NM"><![CDATA[내용]]></COLUMN>
		<COLUMN NAME="USE_YN"><![CDATA[1]]></COLUMN>
		<COLUMN NAME="NUM"><![CDATA[1]]></COLUMN>
		<COLUMN NAME="LVL"><![CDATA[1]]></COLUMN>
		<COLUMN NAME="REG_DT"><![CDATA[19/10/12]]></COLUMN>
		<COLUMN NAME="MOD_ID"><![CDATA[admin]]></COLUMN>
		<COLUMN NAME="MOD_DT"><![CDATA[19/10/12]]></COLUMN>
	</ROW>
	<ROW>
		<COLUMN NAME="CODE_TYPE_ID"><![CDATA[NOTICE_SEARCH]]></COLUMN>
		<COLUMN NAME="CODE_ID"><![CDATA[10]]></COLUMN>
		<COLUMN NAME="CODE_NM"><![CDATA[제목]]></COLUMN>
		<COLUMN NAME="USE_YN"><![CDATA[1]]></COLUMN>
		<COLUMN NAME="NUM"><![CDATA[1]]></COLUMN>
		<COLUMN NAME="LVL"><![CDATA[1]]></COLUMN>
		<COLUMN NAME="REG_DT"><![CDATA[19/10/07]]></COLUMN>
		<COLUMN NAME="MOD_ID"><![CDATA[admin]]></COLUMN>
		<COLUMN NAME="MOD_DT"><![CDATA[19/10/07]]></COLUMN>
	</ROW>
	<ROW>
		<COLUMN NAME="CODE_TYPE_ID"><![CDATA[NOTICE_SEARCH]]></COLUMN>
		<COLUMN NAME="CODE_ID"><![CDATA[20]]></COLUMN>
		<COLUMN NAME="CODE_NM"><![CDATA[내용]]></COLUMN>
		<COLUMN NAME="USE_YN"><![CDATA[1]]></COLUMN>
		<COLUMN NAME="NUM"><![CDATA[1]]></COLUMN>
		<COLUMN NAME="LVL"><![CDATA[1]]></COLUMN>
		<COLUMN NAME="REG_DT"><![CDATA[19/10/07]]></COLUMN>
		<COLUMN NAME="MOD_ID"><![CDATA[admin]]></COLUMN>
		<COLUMN NAME="MOD_DT"><![CDATA[19/10/07]]></COLUMN>
	</ROW>
	<ROW>
		<COLUMN NAME="CODE_TYPE_ID"><![CDATA[NOTICE_SEARCH]]></COLUMN>
		<COLUMN NAME="CODE_ID"><![CDATA[30]]></COLUMN>
		<COLUMN NAME="CODE_NM"><![CDATA[등록자]]></COLUMN>
		<COLUMN NAME="USE_YN"><![CDATA[1]]></COLUMN>
		<COLUMN NAME="NUM"><![CDATA[1]]></COLUMN>
		<COLUMN NAME="LVL"><![CDATA[1]]></COLUMN>
		<COLUMN NAME="REG_DT"><![CDATA[19/10/07]]></COLUMN>
		<COLUMN NAME="MOD_ID"><![CDATA[admin]]></COLUMN>
		<COLUMN NAME="MOD_DT"><![CDATA[19/10/07]]></COLUMN>
	</ROW>
	<ROW>
		<COLUMN NAME="CODE_TYPE_ID"><![CDATA[SCREENSTATE]]></COLUMN>
		<COLUMN NAME="CODE_ID"><![CDATA[010]]></COLUMN>
		<COLUMN NAME="CODE_NM"><![CDATA[상영중]]></COLUMN>
		<COLUMN NAME="USE_YN"><![CDATA[1]]></COLUMN>
		<COLUMN NAME="NUM"><![CDATA[2]]></COLUMN>
		<COLUMN NAME="LVL"><![CDATA[2]]></COLUMN>
		<COLUMN NAME="REG_DT"><![CDATA[19/10/07]]></COLUMN>
		<COLUMN NAME="MOD_ID"><![CDATA[admin]]></COLUMN>
		<COLUMN NAME="MOD_DT"><![CDATA[19/10/07]]></COLUMN>
	</ROW>
	<ROW>
		<COLUMN NAME="CODE_TYPE_ID"><![CDATA[SCREENSTATE]]></COLUMN>
		<COLUMN NAME="CODE_ID"><![CDATA[020]]></COLUMN>
		<COLUMN NAME="CODE_NM"><![CDATA[상영예정]]></COLUMN>
		<COLUMN NAME="USE_YN"><![CDATA[1]]></COLUMN>
		<COLUMN NAME="NUM"><![CDATA[3]]></COLUMN>
		<COLUMN NAME="LVL"><![CDATA[3]]></COLUMN>
		<COLUMN NAME="REG_DT"><![CDATA[19/10/07]]></COLUMN>
		<COLUMN NAME="MOD_ID"><![CDATA[admin]]></COLUMN>
		<COLUMN NAME="MOD_DT"><![CDATA[19/10/07]]></COLUMN>
	</ROW>
	<ROW>
		<COLUMN NAME="CODE_TYPE_ID"><![CDATA[CATEGORY]]></COLUMN>
		<COLUMN NAME="CODE_ID"><![CDATA[1]]></COLUMN>
		<COLUMN NAME="CODE_NM"><![CDATA[팝콘]]></COLUMN>
		<COLUMN NAME="USE_YN"><![CDATA[1]]></COLUMN>
		<COLUMN NAME="NUM"><![CDATA[1]]></COLUMN>
		<COLUMN NAME="LVL"><![CDATA[1]]></COLUMN>
		<COLUMN NAME="REG_DT"><![CDATA[19/10/07]]></COLUMN>
		<COLUMN NAME="MOD_ID"><![CDATA[admin]]></COLUMN>
		<COLUMN NAME="MOD_DT"><![CDATA[19/10/07]]></COLUMN>
	</ROW>
	<ROW>
		<COLUMN NAME="CODE_TYPE_ID"><![CDATA[CATEGORY]]></COLUMN>
		<COLUMN NAME="CODE_ID"><![CDATA[2]]></COLUMN>
		<COLUMN NAME="CODE_NM"><![CDATA[음료]]></COLUMN>
		<COLUMN NAME="USE_YN"><![CDATA[1]]></COLUMN>
		<COLUMN NAME="NUM"><![CDATA[2]]></COLUMN>
		<COLUMN NAME="LVL"><![CDATA[2]]></COLUMN>
		<COLUMN NAME="REG_DT"><![CDATA[19/10/07]]></COLUMN>
		<COLUMN NAME="MOD_ID"><![CDATA[admin]]></COLUMN>
		<COLUMN NAME="MOD_DT"><![CDATA[19/10/07]]></COLUMN>
	</ROW>
	<ROW>
		<COLUMN NAME="CODE_TYPE_ID"><![CDATA[CATEGORY]]></COLUMN>
		<COLUMN NAME="CODE_ID"><![CDATA[3]]></COLUMN>
		<COLUMN NAME="CODE_NM"><![CDATA[영화예매권]]></COLUMN>
		<COLUMN NAME="USE_YN"><![CDATA[1]]></COLUMN>
		<COLUMN NAME="NUM"><![CDATA[3]]></COLUMN>
		<COLUMN NAME="LVL"><![CDATA[3]]></COLUMN>
		<COLUMN NAME="REG_DT"><![CDATA[19/10/07]]></COLUMN>
		<COLUMN NAME="MOD_ID"><![CDATA[admin]]></COLUMN>
		<COLUMN NAME="MOD_DT"><![CDATA[19/10/07]]></COLUMN>
	</ROW>
	<ROW>
		<COLUMN NAME="CODE_TYPE_ID"><![CDATA[MOVIE_SEARCH]]></COLUMN>
		<COLUMN NAME="CODE_ID"><![CDATA[10]]></COLUMN>
		<COLUMN NAME="CODE_NM"><![CDATA[영화제목]]></COLUMN>
		<COLUMN NAME="USE_YN"><![CDATA[1]]></COLUMN>
		<COLUMN NAME="NUM"><![CDATA[1]]></COLUMN>
		<COLUMN NAME="LVL"><![CDATA[1]]></COLUMN>
		<COLUMN NAME="REG_DT"><![CDATA[19/10/12]]></COLUMN>
		<COLUMN NAME="MOD_ID"><![CDATA[admin]]></COLUMN>
		<COLUMN NAME="MOD_DT"><![CDATA[19/10/12]]></COLUMN>
	</ROW>
	<ROW>
		<COLUMN NAME="CODE_TYPE_ID"><![CDATA[MOVIE_SEARCH]]></COLUMN>
		<COLUMN NAME="CODE_ID"><![CDATA[20]]></COLUMN>
		<COLUMN NAME="CODE_NM"><![CDATA[영화감독]]></COLUMN>
		<COLUMN NAME="USE_YN"><![CDATA[1]]></COLUMN>
		<COLUMN NAME="NUM"><![CDATA[1]]></COLUMN>
		<COLUMN NAME="LVL"><![CDATA[1]]></COLUMN>
		<COLUMN NAME="REG_DT"><![CDATA[19/10/12]]></COLUMN>
		<COLUMN NAME="MOD_ID"><![CDATA[admin]]></COLUMN>
		<COLUMN NAME="MOD_DT"><![CDATA[19/10/12]]></COLUMN>
	</ROW>
	<ROW>
		<COLUMN NAME="CODE_TYPE_ID"><![CDATA[PAGE_SIZE]]></COLUMN>
		<COLUMN NAME="CODE_ID"><![CDATA[10]]></COLUMN>
		<COLUMN NAME="CODE_NM"><![CDATA[10]]></COLUMN>
		<COLUMN NAME="USE_YN"><![CDATA[1]]></COLUMN>
		<COLUMN NAME="NUM"><![CDATA[1]]></COLUMN>
		<COLUMN NAME="LVL"><![CDATA[1]]></COLUMN>
		<COLUMN NAME="REG_DT"><![CDATA[19/10/12]]></COLUMN>
		<COLUMN NAME="MOD_ID"><![CDATA[admin]]></COLUMN>
		<COLUMN NAME="MOD_DT"><![CDATA[19/10/12]]></COLUMN>
	</ROW>
	<ROW>
		<COLUMN NAME="CODE_TYPE_ID"><![CDATA[PAGE_SIZE]]></COLUMN>
		<COLUMN NAME="CODE_ID"><![CDATA[50]]></COLUMN>
		<COLUMN NAME="CODE_NM"><![CDATA[50]]></COLUMN>
		<COLUMN NAME="USE_YN"><![CDATA[1]]></COLUMN>
		<COLUMN NAME="NUM"><![CDATA[1]]></COLUMN>
		<COLUMN NAME="LVL"><![CDATA[1]]></COLUMN>
		<COLUMN NAME="REG_DT"><![CDATA[19/10/12]]></COLUMN>
		<COLUMN NAME="MOD_ID"><![CDATA[admin]]></COLUMN>
		<COLUMN NAME="MOD_DT"><![CDATA[19/10/12]]></COLUMN>
	</ROW>
	<ROW>
		<COLUMN NAME="CODE_TYPE_ID"><![CDATA[PAGE_SIZE]]></COLUMN>
		<COLUMN NAME="CODE_ID"><![CDATA[100]]></COLUMN>
		<COLUMN NAME="CODE_NM"><![CDATA[100]]></COLUMN>
		<COLUMN NAME="USE_YN"><![CDATA[1]]></COLUMN>
		<COLUMN NAME="NUM"><![CDATA[1]]></COLUMN>
		<COLUMN NAME="LVL"><![CDATA[1]]></COLUMN>
		<COLUMN NAME="REG_DT"><![CDATA[19/10/12]]></COLUMN>
		<COLUMN NAME="MOD_ID"><![CDATA[admin]]></COLUMN>
		<COLUMN NAME="MOD_DT"><![CDATA[19/10/12]]></COLUMN>
	</ROW>
</RESULTS>