<?xml version='1.0'  encoding='UTF-8' ?>
<RESULTS>
	<ROW>
		<COLUMN NAME="CODE_TYPE_ID"><![CDATA[NOTICE_SEARCH02]]></COLUMN>
		<COLUMN NAME="CODE_TYPE_NM"><![CDATA[지역 검색 구분]]></COLUMN>
	</ROW>
	<ROW>
		<COLUMN NAME="CODE_TYPE_ID"><![CDATA[QNA_SEARCH]]></COLUMN>
		<COLUMN NAME="CODE_TYPE_NM"><![CDATA[검색구분]]></COLUMN>
	</ROW>
	<ROW>
		<COLUMN NAME="CODE_TYPE_ID"><![CDATA[QNA]]></COLUMN>
		<COLUMN NAME="CODE_TYPE_NM"><![CDATA[1:1답변]]></COLUMN>
	</ROW>
	<ROW>
		<COLUMN NAME="CODE_TYPE_ID"><![CDATA[PAGE_SIZE]]></COLUMN>
		<COLUMN NAME="CODE_TYPE_NM"><![CDATA[페이지사이즈]]></COLUMN>
	</ROW>
	<ROW>
		<COLUMN NAME="CODE_TYPE_ID"><![CDATA[USER_SEARCH]]></COLUMN>
		<COLUMN NAME="CODE_TYPE_NM"><![CDATA[검색조건]]></COLUMN>
	</ROW>
	<ROW>
		<COLUMN NAME="CODE_TYPE_ID"><![CDATA[EXCEL_TYPE]]></COLUMN>
		<COLUMN NAME="CODE_TYPE_NM"><![CDATA[엑셀타입]]></COLUMN>
	</ROW>
	<ROW>
		<COLUMN NAME="CODE_TYPE_ID"><![CDATA[NOTICE_SEARCH]]></COLUMN>
		<COLUMN NAME="CODE_TYPE_NM"><![CDATA[게시판 검색 구분]]></COLUMN>
	</ROW>
	<ROW>
		<COLUMN NAME="CODE_TYPE_ID"><![CDATA[SCREENSTATE]]></COLUMN>
		<COLUMN NAME="CODE_TYPE_NM"><![CDATA[상영상태]]></COLUMN>
	</ROW>
	<ROW>
		<COLUMN NAME="CODE_TYPE_ID"><![CDATA[CATEGORY]]></COLUMN>
		<COLUMN NAME="CODE_TYPE_NM"><![CDATA[상품분류]]></COLUMN>
	</ROW>
	<ROW>
		<COLUMN NAME="CODE_TYPE_ID"><![CDATA[MOVIE_SEARCH]]></COLUMN>
		<COLUMN NAME="CODE_TYPE_NM"><![CDATA[영화검색조건]]></COLUMN>
	</ROW>
</RESULTS>