<?xml version='1.0'  encoding='UTF-8' ?>
<RESULTS>
	<ROW>
		<COLUMN NAME="QUESTION_ID"><![CDATA[FAQ-00202]]></COLUMN>
		<COLUMN NAME="TITLE"><![CDATA[실제 영화관 사이트인가요?]]></COLUMN>
		<COLUMN NAME="CONTENTS"><![CDATA[SUNNYSIDE 영화관은 테스트용입니다.]]></COLUMN>
		<COLUMN NAME="REG_DT"><![CDATA[19/10/28]]></COLUMN>
	</ROW>
	<ROW>
		<COLUMN NAME="QUESTION_ID"><![CDATA[FAQ-00203]]></COLUMN>
		<COLUMN NAME="TITLE"><![CDATA[실제로 결제가 되는건가요?]]></COLUMN>
		<COLUMN NAME="CONTENTS"><![CDATA[테스트용 페이지 이므로 결제일 다음날 결제된 금액이 환불 됩니다.]]></COLUMN>
		<COLUMN NAME="REG_DT"><![CDATA[19/10/28]]></COLUMN>
	</ROW>
	<ROW>
		<COLUMN NAME="QUESTION_ID"><![CDATA[FAQ-00206]]></COLUMN>
		<COLUMN NAME="TITLE"><![CDATA[로그인은 어떻게 하나요?]]></COLUMN>
		<COLUMN NAME="CONTENTS"><![CDATA[회원가입 한 뒤 로그인을 할 수 있습니다.]]></COLUMN>
		<COLUMN NAME="REG_DT"><![CDATA[19/10/28]]></COLUMN>
	</ROW>
</RESULTS>