<?xml version='1.0'  encoding='UTF-8' ?>
<RESULTS>
	<ROW>
		<COLUMN NAME="IMAGE_ID"><![CDATA[20191028-0051]]></COLUMN>
		<COLUMN NAME="ORG_IMG_NM"><![CDATA[maleficent_2.jpg]]></COLUMN>
		<COLUMN NAME="SAVE_IMG_NM"><![CDATA[../resources/img/banner/2019/10/maleficent_22.jpg]]></COLUMN>
		<COLUMN NAME="EXT"><![CDATA[jpg]]></COLUMN>
		<COLUMN NAME="IMG_SIZE"><![CDATA[156476]]></COLUMN>
		<COLUMN NAME="REG_DT"><![CDATA[19/10/28]]></COLUMN>
	</ROW>
	<ROW>
		<COLUMN NAME="IMAGE_ID"><![CDATA[20191028-0046]]></COLUMN>
		<COLUMN NAME="ORG_IMG_NM"><![CDATA[the_king_hennry_5.png]]></COLUMN>
		<COLUMN NAME="SAVE_IMG_NM"><![CDATA[../resources/img/banner/2019/10/the_king_hennry_5.png]]></COLUMN>
		<COLUMN NAME="EXT"><![CDATA[png]]></COLUMN>
		<COLUMN NAME="IMG_SIZE"><![CDATA[499570]]></COLUMN>
		<COLUMN NAME="REG_DT"><![CDATA[19/10/28]]></COLUMN>
	</ROW>
</RESULTS>