<?xml version='1.0'  encoding='UTF-8' ?>
<RESULTS>
	<ROW>
		<COLUMN NAME="NOTICE_ID"><![CDATA[458]]></COLUMN>
		<COLUMN NAME="TITLE"><![CDATA[[공지] 한국투자증권 전산시스템 점검에 따른 서비스 일시 중단 안내]]></COLUMN>
		<COLUMN NAME="ORG_FILE_NM"><![CDATA[]]></COLUMN>
		<COLUMN NAME="SAVE_FILE_NM"><![CDATA[]]></COLUMN>
		<COLUMN NAME="EXT"><![CDATA[]]></COLUMN>
		<COLUMN NAME="CONTENTS"><![CDATA[안녕하세요, 써니사이드입니다.

 

한국투자증권 전산시스템 점검으로 인해 아래의 서비스가 중단 될 예정이오니,

참고하셔서 이용에 불편 없으시길 바랍니다.

 

더욱 안정되고 원활한 서비스로 찾아 뵙겠습니다.

 

 

<시스템 점검 시간 및 내용>

 

   1. 중단일시: 2019년 10월 26일(토) 08:00 ~ 2019년 10월 27일(일) 24:00 (40시간),

   2. 중단내용 : 한국투자증권 체크카드 결제 서비스 불가

      ※ 간편결제(카카오페이/페이코) 한국투자증권 체크카드 서비스 위와 동일하게 이용 불가       

 

 감사합니다.]]></COLUMN>
		<COLUMN NAME="WRITER_ID"><![CDATA[]]></COLUMN>
		<COLUMN NAME="MOD_DT"><![CDATA[19/10/28]]></COLUMN>
		<COLUMN NAME="REG_DT"><![CDATA[19/10/28]]></COLUMN>
		<COLUMN NAME="BRANCH_NM"><![CDATA[전체]]></COLUMN>
		<COLUMN NAME="FILE_ID"><![CDATA[]]></COLUMN>
		<COLUMN NAME="USER_ID"><![CDATA[admin]]></COLUMN>
	</ROW>
	<ROW>
		<COLUMN NAME="NOTICE_ID"><![CDATA[459]]></COLUMN>
		<COLUMN NAME="TITLE"><![CDATA[[공지] 유니텔 오페라 10/30(수) 상영 일정 조정 안내]]></COLUMN>
		<COLUMN NAME="ORG_FILE_NM"><![CDATA[]]></COLUMN>
		<COLUMN NAME="SAVE_FILE_NM"><![CDATA[]]></COLUMN>
		<COLUMN NAME="EXT"><![CDATA[]]></COLUMN>
		<COLUMN NAME="CONTENTS"><![CDATA[안녕하세요, 써니사이드입니다.

 

10월 30일 수요일 민방공 대피훈련이 실시됨에 따라,

유니텔 오페라 <람메르무어의 루치아>의 상영 일정이 조정됩니다.

 

관람 예정이신 고객님께서는 아래의 내용을 참고 해주시기 바랍니다.

 

1. 영화명: 오페라 <람메르무어의 루치아>

2. 해당 지점: 대구신세계지점, 목동지점, 센트럴지점

3. 상영 시간

 - 기존: 10월 30일 수요일 오후 2시

 - 변경: 10월 30일 수요일 오후 2시 30분

 

항상 저희 써니사이드를 이용해주셔서 감사합니다.]]></COLUMN>
		<COLUMN NAME="WRITER_ID"><![CDATA[]]></COLUMN>
		<COLUMN NAME="MOD_DT"><![CDATA[19/10/28]]></COLUMN>
		<COLUMN NAME="REG_DT"><![CDATA[19/10/28]]></COLUMN>
		<COLUMN NAME="BRANCH_NM"><![CDATA[홍대점]]></COLUMN>
		<COLUMN NAME="FILE_ID"><![CDATA[]]></COLUMN>
		<COLUMN NAME="USER_ID"><![CDATA[admin]]></COLUMN>
	</ROW>
	<ROW>
		<COLUMN NAME="NOTICE_ID"><![CDATA[460]]></COLUMN>
		<COLUMN NAME="TITLE"><![CDATA[[공지] <82년생 김지영> 1+1 스토어 관람권 오류 안내]]></COLUMN>
		<COLUMN NAME="ORG_FILE_NM"><![CDATA[]]></COLUMN>
		<COLUMN NAME="SAVE_FILE_NM"><![CDATA[]]></COLUMN>
		<COLUMN NAME="EXT"><![CDATA[]]></COLUMN>
		<COLUMN NAME="CONTENTS"><![CDATA[안녕하세요, 라이프 시어터 써니사이드입니다.

 

10월 25일 금요일 발생한 <82년생 김지영> 1+1 관람권 오류로 불편을 드려 죄송합니다.

현재 관람권 예매 시 1인만 예매 가능하던 오류는 모두 조치 완료하여 정상적으로 이용 가능합니다.

다시 한 번 불편을 드린 점 양해 부탁드리며, 앞으로 더 좋은 서비스로 보답하겠습니다.

 

감사합니다.]]></COLUMN>
		<COLUMN NAME="WRITER_ID"><![CDATA[]]></COLUMN>
		<COLUMN NAME="MOD_DT"><![CDATA[19/10/28]]></COLUMN>
		<COLUMN NAME="REG_DT"><![CDATA[19/10/28]]></COLUMN>
		<COLUMN NAME="BRANCH_NM"><![CDATA[강남점]]></COLUMN>
		<COLUMN NAME="FILE_ID"><![CDATA[]]></COLUMN>
		<COLUMN NAME="USER_ID"><![CDATA[admin]]></COLUMN>
	</ROW>
	<ROW>
		<COLUMN NAME="NOTICE_ID"><![CDATA[461]]></COLUMN>
		<COLUMN NAME="TITLE"><![CDATA[[공지] 센트럴 메트 오페라 11/2(토) 상영 일정 조정 안내]]></COLUMN>
		<COLUMN NAME="ORG_FILE_NM"><![CDATA[]]></COLUMN>
		<COLUMN NAME="SAVE_FILE_NM"><![CDATA[]]></COLUMN>
		<COLUMN NAME="EXT"><![CDATA[]]></COLUMN>
		<COLUMN NAME="CONTENTS"><![CDATA[안녕하세요, 써니사이드입니다.

 

11월 2일 토요일 <블리즈컨 2019 메가박스 단독 라이브 중계> 이벤트에 따라

메트 오페라 <카르멘@The Met>의 상영 일정이 조정됩니다.

(참고 : http://www.megabox.co.kr/?menuId=event&p=detail&p2=7788)

 

관람 예정이신 고객님께서는 아래의 내용을 참고 해주시기 바랍니다.

 

1. 영화명: 오페라 <카르멘@The Met>

2. 해당 지점: 센트럴지점

3. 상영 시간

 - 기존: 11월 2일 토요일 오후 2시

 - 변경: 11월 2일 토요일 오후 2시 30분

 

항상 저희 써니사이드를 이용해주셔서 감사합니다.]]></COLUMN>
		<COLUMN NAME="WRITER_ID"><![CDATA[]]></COLUMN>
		<COLUMN NAME="MOD_DT"><![CDATA[19/10/28]]></COLUMN>
		<COLUMN NAME="REG_DT"><![CDATA[19/10/28]]></COLUMN>
		<COLUMN NAME="BRANCH_NM"><![CDATA[홍대점]]></COLUMN>
		<COLUMN NAME="FILE_ID"><![CDATA[]]></COLUMN>
		<COLUMN NAME="USER_ID"><![CDATA[admin]]></COLUMN>
	</ROW>
	<ROW>
		<COLUMN NAME="NOTICE_ID"><![CDATA[457]]></COLUMN>
		<COLUMN NAME="TITLE"><![CDATA[[라이브뷰잉] BTS WORLD TOUR~ ‘아미밤 상영회’ 추가 오픈 안내]]></COLUMN>
		<COLUMN NAME="ORG_FILE_NM"><![CDATA[]]></COLUMN>
		<COLUMN NAME="SAVE_FILE_NM"><![CDATA[]]></COLUMN>
		<COLUMN NAME="EXT"><![CDATA[]]></COLUMN>
		<COLUMN NAME="CONTENTS"><![CDATA[안녕하세요. 써니사이드입니다.

[라이브뷰잉] BTS WORLD TOUR ‘LOVE YOURSELF: SPEAK YOURSELF’ [THE FINAL]의 '아미밤 상영회'가 추가 오픈될 예정입니다.

 

1. 상영 안내 (아미밤 상영)

- 내용: 아미밤 상영회는 방탄소년단 공식응원봉인 “BTS Official Light Stick (아미밤) Ver.3”를 중앙 컨트롤 하여 보다 생생한 현장감을 즐길 수 있는 특별 상영회입니다.

- 진행극장: 써니사이드 홍대점

- 주의사항

* 본 아미밤 상영회는 방탄소년단 공식 응원봉인 BTS OFFICIAL LIGHT STICK (아미밤) VER.3를 중앙 컨트롤하는 형식으로 진행 됩니다. (별도 좌석 페어링은 진행하지 않습니다.)

* “BTS Official Light Stick (아미밤) Ver.3”는 개별 지참 해주세요. Ver.1 과 Ver.2는 연출이 불가합니다.

* 아미밤 사용을 위해 ‘알카라인’ 표기가 된 AAA 배터리 3개를 꼭 지참해주세요.

* 배터리는 3개 모두 동일 브랜드의 새 것으로 사용하는 것을 권장합니다. 배터리를 1개 혹은 2개만 새 것으로 교체할 시 오작동 혹은 빠른 배터리 소진이 발생할 수 있습니다.

* 상영회 시작 후 상영관 내에서 응원 봉의 버튼을“ON” 방향으로(위로) 해야 연출 가능합니다.

* 아미밤 상영회 미 진행 극장에서는 아미밤 중앙 통제 시스템을 이용하지 않습니다. (개별 응원 가능)

* 기타 본 공연과 관련한 기본 정보는 이전 공지글인 "[라이브뷰잉] BTS WORLD TOUR ‘LOVE YOURSELF: SPEAK YOURSELF’ [THE FINAL] 서울공연 진행 안내" 에서 확인하실 수 있습니다.

 

2. 예매 안내 (아미밤 상영)

- 가격: 28,000원

- 티켓오픈: 2019년 10월 22일 (화) 낮 12:00~

- 구매처: 써니사이드 홈페이지, 현장

- 당일 환불 불가 (10/26(토) 23:59까지 환불 가능)

* 본 라이브뷰잉의 경우, 일반 영화와 동일한 방식으로 예매가 진행됩니다. 위 구매처를 통해 상영작을 선택하신 후 예매를 진행해주시기 바랍니다.

* 본 상영은 이벤트 상영인 관계로 결제 시 제휴, 할인카드 적용 및 관람권, 포인트 사용이 불가합니다.

* 티켓의 높은 가격의 재판매 및 암표 판매 등은 엄격히 제한하고 있으며, 정가 이상의 티켓판매로 피해고객의 클레임이 당사로 신고·접수될 경우

* 해당 티켓 구매 고객의 관람 및 홈페이지 이용에 제한이 따를 수 있습니다.

* 본 공연과 관련한 상세 내용은 이전 공지글인 "[라이브뷰잉] BTS WORLD TOUR ‘LOVE YOURSELF: SPEAK YOURSELF’ [THE FINAL] 서울공연 진행 안내" 에서 확인하실 수 있습니다.]]></COLUMN>
		<COLUMN NAME="WRITER_ID"><![CDATA[]]></COLUMN>
		<COLUMN NAME="MOD_DT"><![CDATA[19/10/28]]></COLUMN>
		<COLUMN NAME="REG_DT"><![CDATA[19/10/28]]></COLUMN>
		<COLUMN NAME="BRANCH_NM"><![CDATA[홍대점]]></COLUMN>
		<COLUMN NAME="FILE_ID"><![CDATA[]]></COLUMN>
		<COLUMN NAME="USER_ID"><![CDATA[admin]]></COLUMN>
	</ROW>
	<ROW>
		<COLUMN NAME="NOTICE_ID"><![CDATA[463]]></COLUMN>
		<COLUMN NAME="TITLE"><![CDATA[[공지] 랜덤 지급 쿠폰 사용 안내]]></COLUMN>
		<COLUMN NAME="ORG_FILE_NM"><![CDATA[]]></COLUMN>
		<COLUMN NAME="SAVE_FILE_NM"><![CDATA[]]></COLUMN>
		<COLUMN NAME="EXT"><![CDATA[]]></COLUMN>
		<COLUMN NAME="CONTENTS"><![CDATA[랜덤 지급 쿠폰 사용 안내

 

※ 사장님 몰래 랜덤으로 고객님들께 드렸던 쿠폰 사용이

   배급사 요청으로 어렵게 되었습니다.

   이점 양해 부탁드립니다.

   향후에는 사장님 몰래가 아닌 사장님께 보고드리고

   더 좋은 이벤트로 항시 즐겁게 메가박스 찾으실 수 있도록

   잘 준비하겠습니다.

 

------------------------------------------------

일부 고객님에 한해 랜덤으로 지급된 쿠폰의 상세 정보 안내드립니다.

- 사용기간: ~9/15

- 사용안내:

본 쿠폰은 온라인 예매 전용이며,

성인 일반가 기준/ 일반 2D 영화/ 일반관, 컴포트관에 한해 적용됩니다.(특별관, 특별석 사용 불가)

조조, 심야, 어린이, 우대 사용 불가이며, 기타 중복할인 불가합니다.]]></COLUMN>
		<COLUMN NAME="WRITER_ID"><![CDATA[]]></COLUMN>
		<COLUMN NAME="MOD_DT"><![CDATA[19/10/28]]></COLUMN>
		<COLUMN NAME="REG_DT"><![CDATA[19/10/28]]></COLUMN>
		<COLUMN NAME="BRANCH_NM"><![CDATA[전체]]></COLUMN>
		<COLUMN NAME="FILE_ID"><![CDATA[]]></COLUMN>
		<COLUMN NAME="USER_ID"><![CDATA[admin]]></COLUMN>
	</ROW>
	<ROW>
		<COLUMN NAME="NOTICE_ID"><![CDATA[464]]></COLUMN>
		<COLUMN NAME="TITLE"><![CDATA[[공지] 우리은행 전산시스템 점검에 따른 서비스 일시 중단 안내]]></COLUMN>
		<COLUMN NAME="ORG_FILE_NM"><![CDATA[]]></COLUMN>
		<COLUMN NAME="SAVE_FILE_NM"><![CDATA[]]></COLUMN>
		<COLUMN NAME="EXT"><![CDATA[]]></COLUMN>
		<COLUMN NAME="CONTENTS"><![CDATA[안녕하세요, 써니사이드입니다.

 

우리은행 전산시스템 점검으로 인해 아래의 서비스가 중단 될 예정이오니,

참고하셔서 이용에 불편 없으시길 바랍니다.

 

더욱 안정되고 원활한 서비스로 찾아 뵙겠습니다.

 

<시스템 점검 시간 및 내용>

 

   1. 중단일시: 2019년 10월 13일(일) 02:00 ~ 06:00 (4시간),

   2. 중단내용 : 우리은행 체크카드 결제 서비스 불가

      ※ 간편결제(카카오페이/페이코) 우리은행 체크카드 서비스 위와 동일하게 이용 불가       

 

 감사합니다.]]></COLUMN>
		<COLUMN NAME="WRITER_ID"><![CDATA[]]></COLUMN>
		<COLUMN NAME="MOD_DT"><![CDATA[19/10/28]]></COLUMN>
		<COLUMN NAME="REG_DT"><![CDATA[19/10/28]]></COLUMN>
		<COLUMN NAME="BRANCH_NM"><![CDATA[전체]]></COLUMN>
		<COLUMN NAME="FILE_ID"><![CDATA[]]></COLUMN>
		<COLUMN NAME="USER_ID"><![CDATA[admin]]></COLUMN>
	</ROW>
	<ROW>
		<COLUMN NAME="NOTICE_ID"><![CDATA[466]]></COLUMN>
		<COLUMN NAME="TITLE"><![CDATA[[라이브뷰잉] BTS WORLD TOUR~ ‘아미밤 상영회’ 추가 오픈 안내]]></COLUMN>
		<COLUMN NAME="ORG_FILE_NM"><![CDATA[]]></COLUMN>
		<COLUMN NAME="SAVE_FILE_NM"><![CDATA[]]></COLUMN>
		<COLUMN NAME="EXT"><![CDATA[]]></COLUMN>
		<COLUMN NAME="CONTENTS"><![CDATA[안녕하세요. 써니사이드입니다.

[라이브뷰잉] BTS WORLD TOUR ‘LOVE YOURSELF: SPEAK YOURSELF’ [THE FINAL]의 '아미밤 상영회'가 추가 오픈될 예정입니다.

 

1. 상영 안내 (아미밤 상영)

- 내용: 아미밤 상영회는 방탄소년단 공식응원봉인 “BTS Official Light Stick (아미밤) Ver.3”를 중앙 컨트롤 하여 보다 생생한 현장감을 즐길 수 있는 특별 상영회입니다.

- 진행극장: 써니사이드 홍대점

- 주의사항

* 본 아미밤 상영회는 방탄소년단 공식 응원봉인 BTS OFFICIAL LIGHT STICK (아미밤) VER.3를 중앙 컨트롤하는 형식으로 진행 됩니다. (별도 좌석 페어링은 진행하지 않습니다.)

* “BTS Official Light Stick (아미밤) Ver.3”는 개별 지참 해주세요. Ver.1 과 Ver.2는 연출이 불가합니다.

* 아미밤 사용을 위해 ‘알카라인’ 표기가 된 AAA 배터리 3개를 꼭 지참해주세요.

* 배터리는 3개 모두 동일 브랜드의 새 것으로 사용하는 것을 권장합니다. 배터리를 1개 혹은 2개만 새 것으로 교체할 시 오작동 혹은 빠른 배터리 소진이 발생할 수 있습니다.

* 상영회 시작 후 상영관 내에서 응원 봉의 버튼을“ON” 방향으로(위로) 해야 연출 가능합니다.

* 아미밤 상영회 미 진행 극장에서는 아미밤 중앙 통제 시스템을 이용하지 않습니다. (개별 응원 가능)

* 기타 본 공연과 관련한 기본 정보는 이전 공지글인 "[라이브뷰잉] BTS WORLD TOUR ‘LOVE YOURSELF: SPEAK YOURSELF’ [THE FINAL] 서울공연 진행 안내" 에서 확인하실 수 있습니다.

 

2. 예매 안내 (아미밤 상영)

- 가격: 28,000원

- 티켓오픈: 2019년 10월 22일 (화) 낮 12:00~

- 구매처: 써니사이드 홈페이지, 현장

- 당일 환불 불가 (10/26(토) 23:59까지 환불 가능)

* 본 라이브뷰잉의 경우, 일반 영화와 동일한 방식으로 예매가 진행됩니다. 위 구매처를 통해 상영작을 선택하신 후 예매를 진행해주시기 바랍니다.

* 본 상영은 이벤트 상영인 관계로 결제 시 제휴, 할인카드 적용 및 관람권, 포인트 사용이 불가합니다.

* 티켓의 높은 가격의 재판매 및 암표 판매 등은 엄격히 제한하고 있으며, 정가 이상의 티켓판매로 피해고객의 클레임이 당사로 신고·접수될 경우

* 해당 티켓 구매 고객의 관람 및 홈페이지 이용에 제한이 따를 수 있습니다.

* 본 공연과 관련한 상세 내용은 이전 공지글인 "[라이브뷰잉] BTS WORLD TOUR ‘LOVE YOURSELF: SPEAK YOURSELF’ [THE FINAL] 서울공연 진행 안내" 에서 확인하실 수 있습니다.]]></COLUMN>
		<COLUMN NAME="WRITER_ID"><![CDATA[]]></COLUMN>
		<COLUMN NAME="MOD_DT"><![CDATA[19/10/28]]></COLUMN>
		<COLUMN NAME="REG_DT"><![CDATA[19/10/28]]></COLUMN>
		<COLUMN NAME="BRANCH_NM"><![CDATA[홍대점]]></COLUMN>
		<COLUMN NAME="FILE_ID"><![CDATA[]]></COLUMN>
		<COLUMN NAME="USER_ID"><![CDATA[admin]]></COLUMN>
	</ROW>
	<ROW>
		<COLUMN NAME="NOTICE_ID"><![CDATA[462]]></COLUMN>
		<COLUMN NAME="TITLE"><![CDATA[[라이브뷰잉] Poppin’Party Fan Meeting Tour 2019! 진행 안내]]></COLUMN>
		<COLUMN NAME="ORG_FILE_NM"><![CDATA[]]></COLUMN>
		<COLUMN NAME="SAVE_FILE_NM"><![CDATA[]]></COLUMN>
		<COLUMN NAME="EXT"><![CDATA[]]></COLUMN>
		<COLUMN NAME="CONTENTS"><![CDATA[안녕하세요. 써니사이드입니다.

[라이브뷰잉] Poppin’Party Fan Meeting Tour 2019! 를 메가박스에서 단독으로 생중계 상영 합니다.

 

1. 상영 안내

- 상영일정: 10월 3일 목요일 19:00 시작
- 상영지점: 메가박스 동대문
- 러닝타임: 약 3시간 (당일 현장 상황에 따라 변동가능)

 

2. 예매 안내
- 가격: 40,000원
- 티켓오픈: 2019년 9월 17일 (화) 11:00~
- 구매처: 메가박스 홈페이지, 모바일 어플 및 현장
- 당일 환불 불가 (10/2(수) 24:00까지 환불 가능)
* 본 라이브뷰잉의 경우, 일반 영화와 동일한 방식으로 예매가 진행됩니다. 위 구매처를 통해 상영작을 선택하신 후 예매를 진행해주시기 바랍니다.
* 본 상영은 이벤트 상영인 관계로 결제 시 제휴, 할인카드 적용이 불가합니다.
* 티켓의 높은 가격의 재판매 및 암표 판매 등은 엄격히 제한하고 있으며, 정가 이상의 티켓판매로 피해고객의 클레임이 당사로 신고·접수될 경우
  해당 티켓 구매 고객의 관람 및 홈페이지 이용에 제한이 따를 수 있습니다.

 

3. 라이브뷰잉 관람 안내
- 본 이벤트는 일본에서 Zepp DiverCity TOKYO 진행되는 <Poppin’Party Fan Meeting Tour 2019> 이벤트를 위성으로 중계하는 이벤트입니다.
- 본 이벤트는 생중계로 진행되기 때문에 날씨 등 불가항력적인 요인에 의해 영상, 음성에 차질이 생길 수 있으며, 별도의 자막은 제공되지 않습니다.
- 본 이벤트는 현지 사정에 의해 러닝타임 및 프로그램이 변경될 수 있으며 공연이 예정시간을 훨씬 초과하는 경우 중계가 종료될 수 있습니다.
- 본 이벤트는 영화관에서 관객 여러분이 즐길 수 있는 상영으로, 경우에 따라서는 박수와 환호성이 있을 수 있습니다.
- 관람 도중 돌발행동이나 타인에게 불쾌감을 줄 수 있는 행동은 엄격히 금지되어 있으며, 경우에 따라서는 직원의 제지 및 환불없이 퇴장조치가 진행될 수 있습니다.
- 극장 내에서는 어떤 경우라도 녹음 / 녹화 / 촬영은 금지되어 있습니다. 이와 같은 상황이 발생 시, 기록된 내용 삭제 후 퇴장조치가 있을 수 있습니다.]]></COLUMN>
		<COLUMN NAME="WRITER_ID"><![CDATA[]]></COLUMN>
		<COLUMN NAME="MOD_DT"><![CDATA[19/10/28]]></COLUMN>
		<COLUMN NAME="REG_DT"><![CDATA[19/10/28]]></COLUMN>
		<COLUMN NAME="BRANCH_NM"><![CDATA[홍대점]]></COLUMN>
		<COLUMN NAME="FILE_ID"><![CDATA[]]></COLUMN>
		<COLUMN NAME="USER_ID"><![CDATA[admin]]></COLUMN>
	</ROW>
	<ROW>
		<COLUMN NAME="NOTICE_ID"><![CDATA[445]]></COLUMN>
		<COLUMN NAME="TITLE"><![CDATA[[공지] 한국투자증권 전산시스템 점검에 따른 서비스 일시 중단 안내]]></COLUMN>
		<COLUMN NAME="ORG_FILE_NM"><![CDATA[]]></COLUMN>
		<COLUMN NAME="SAVE_FILE_NM"><![CDATA[]]></COLUMN>
		<COLUMN NAME="EXT"><![CDATA[]]></COLUMN>
		<COLUMN NAME="CONTENTS"><![CDATA[안녕하세요, 써니사이드입니다.

 

한국투자증권 전산시스템 점검으로 인해 아래의 서비스가 중단 될 예정이오니,

참고하셔서 이용에 불편 없으시길 바랍니다.

 

더욱 안정되고 원활한 서비스로 찾아 뵙겠습니다.

 

 

<시스템 점검 시간 및 내용>

 

   1. 중단일시: 2019년 10월 26일(토) 08:00 ~ 2019년 10월 27일(일) 24:00 (40시간),

   2. 중단내용 : 한국투자증권 체크카드 결제 서비스 불가

      ※ 간편결제(카카오페이/페이코) 한국투자증권 체크카드 서비스 위와 동일하게 이용 불가       

 

 감사합니다.]]></COLUMN>
		<COLUMN NAME="WRITER_ID"><![CDATA[]]></COLUMN>
		<COLUMN NAME="MOD_DT"><![CDATA[19/10/28]]></COLUMN>
		<COLUMN NAME="REG_DT"><![CDATA[19/10/28]]></COLUMN>
		<COLUMN NAME="BRANCH_NM"><![CDATA[전체]]></COLUMN>
		<COLUMN NAME="FILE_ID"><![CDATA[]]></COLUMN>
		<COLUMN NAME="USER_ID"><![CDATA[admin]]></COLUMN>
	</ROW>
	<ROW>
		<COLUMN NAME="NOTICE_ID"><![CDATA[446]]></COLUMN>
		<COLUMN NAME="TITLE"><![CDATA[[라이브뷰잉] BTS WORLD TOUR~ ‘아미밤 상영회’ 추가 오픈 안내]]></COLUMN>
		<COLUMN NAME="ORG_FILE_NM"><![CDATA[]]></COLUMN>
		<COLUMN NAME="SAVE_FILE_NM"><![CDATA[]]></COLUMN>
		<COLUMN NAME="EXT"><![CDATA[]]></COLUMN>
		<COLUMN NAME="CONTENTS"><![CDATA[안녕하세요. 써니사이드입니다.

[라이브뷰잉] BTS WORLD TOUR ‘LOVE YOURSELF: SPEAK YOURSELF’ [THE FINAL]의 '아미밤 상영회'가 추가 오픈될 예정입니다.

 

1. 상영 안내 (아미밤 상영)

- 내용: 아미밤 상영회는 방탄소년단 공식응원봉인 “BTS Official Light Stick (아미밤) Ver.3”를 중앙 컨트롤 하여 보다 생생한 현장감을 즐길 수 있는 특별 상영회입니다.

- 진행극장: 써니사이드 홍대점

- 주의사항

* 본 아미밤 상영회는 방탄소년단 공식 응원봉인 BTS OFFICIAL LIGHT STICK (아미밤) VER.3를 중앙 컨트롤하는 형식으로 진행 됩니다. (별도 좌석 페어링은 진행하지 않습니다.)

* “BTS Official Light Stick (아미밤) Ver.3”는 개별 지참 해주세요. Ver.1 과 Ver.2는 연출이 불가합니다.

* 아미밤 사용을 위해 ‘알카라인’ 표기가 된 AAA 배터리 3개를 꼭 지참해주세요.

* 배터리는 3개 모두 동일 브랜드의 새 것으로 사용하는 것을 권장합니다. 배터리를 1개 혹은 2개만 새 것으로 교체할 시 오작동 혹은 빠른 배터리 소진이 발생할 수 있습니다.

* 상영회 시작 후 상영관 내에서 응원 봉의 버튼을“ON” 방향으로(위로) 해야 연출 가능합니다.

* 아미밤 상영회 미 진행 극장에서는 아미밤 중앙 통제 시스템을 이용하지 않습니다. (개별 응원 가능)

* 기타 본 공연과 관련한 기본 정보는 이전 공지글인 "[라이브뷰잉] BTS WORLD TOUR ‘LOVE YOURSELF: SPEAK YOURSELF’ [THE FINAL] 서울공연 진행 안내" 에서 확인하실 수 있습니다.

 

2. 예매 안내 (아미밤 상영)

- 가격: 28,000원

- 티켓오픈: 2019년 10월 22일 (화) 낮 12:00~

- 구매처: 써니사이드 홈페이지, 현장

- 당일 환불 불가 (10/26(토) 23:59까지 환불 가능)

* 본 라이브뷰잉의 경우, 일반 영화와 동일한 방식으로 예매가 진행됩니다. 위 구매처를 통해 상영작을 선택하신 후 예매를 진행해주시기 바랍니다.

* 본 상영은 이벤트 상영인 관계로 결제 시 제휴, 할인카드 적용 및 관람권, 포인트 사용이 불가합니다.

* 티켓의 높은 가격의 재판매 및 암표 판매 등은 엄격히 제한하고 있으며, 정가 이상의 티켓판매로 피해고객의 클레임이 당사로 신고·접수될 경우

* 해당 티켓 구매 고객의 관람 및 홈페이지 이용에 제한이 따를 수 있습니다.

* 본 공연과 관련한 상세 내용은 이전 공지글인 "[라이브뷰잉] BTS WORLD TOUR ‘LOVE YOURSELF: SPEAK YOURSELF’ [THE FINAL] 서울공연 진행 안내" 에서 확인하실 수 있습니다.]]></COLUMN>
		<COLUMN NAME="WRITER_ID"><![CDATA[]]></COLUMN>
		<COLUMN NAME="MOD_DT"><![CDATA[19/10/28]]></COLUMN>
		<COLUMN NAME="REG_DT"><![CDATA[19/10/28]]></COLUMN>
		<COLUMN NAME="BRANCH_NM"><![CDATA[홍대점]]></COLUMN>
		<COLUMN NAME="FILE_ID"><![CDATA[]]></COLUMN>
		<COLUMN NAME="USER_ID"><![CDATA[admin]]></COLUMN>
	</ROW>
	<ROW>
		<COLUMN NAME="NOTICE_ID"><![CDATA[447]]></COLUMN>
		<COLUMN NAME="TITLE"><![CDATA[[공지] 우리은행 전산시스템 점검에 따른 서비스 일시 중단 안내]]></COLUMN>
		<COLUMN NAME="ORG_FILE_NM"><![CDATA[]]></COLUMN>
		<COLUMN NAME="SAVE_FILE_NM"><![CDATA[]]></COLUMN>
		<COLUMN NAME="EXT"><![CDATA[]]></COLUMN>
		<COLUMN NAME="CONTENTS"><![CDATA[안녕하세요, 써니사이드입니다.

 

우리은행 전산시스템 점검으로 인해 아래의 서비스가 중단 될 예정이오니,

참고하셔서 이용에 불편 없으시길 바랍니다.

 

더욱 안정되고 원활한 서비스로 찾아 뵙겠습니다.

 

<시스템 점검 시간 및 내용>

 

   1. 중단일시: 2019년 10월 13일(일) 02:00 ~ 06:00 (4시간),

   2. 중단내용 : 우리은행 체크카드 결제 서비스 불가

      ※ 간편결제(카카오페이/페이코) 우리은행 체크카드 서비스 위와 동일하게 이용 불가       

 

 감사합니다.]]></COLUMN>
		<COLUMN NAME="WRITER_ID"><![CDATA[]]></COLUMN>
		<COLUMN NAME="MOD_DT"><![CDATA[19/10/28]]></COLUMN>
		<COLUMN NAME="REG_DT"><![CDATA[19/10/28]]></COLUMN>
		<COLUMN NAME="BRANCH_NM"><![CDATA[전체]]></COLUMN>
		<COLUMN NAME="FILE_ID"><![CDATA[]]></COLUMN>
		<COLUMN NAME="USER_ID"><![CDATA[admin]]></COLUMN>
	</ROW>
	<ROW>
		<COLUMN NAME="NOTICE_ID"><![CDATA[449]]></COLUMN>
		<COLUMN NAME="TITLE"><![CDATA[[공지] 랜덤 지급 쿠폰 사용 안내]]></COLUMN>
		<COLUMN NAME="ORG_FILE_NM"><![CDATA[]]></COLUMN>
		<COLUMN NAME="SAVE_FILE_NM"><![CDATA[]]></COLUMN>
		<COLUMN NAME="EXT"><![CDATA[]]></COLUMN>
		<COLUMN NAME="CONTENTS"><![CDATA[랜덤 지급 쿠폰 사용 안내

 

※ 사장님 몰래 랜덤으로 고객님들께 드렸던 쿠폰 사용이

   배급사 요청으로 어렵게 되었습니다.

   이점 양해 부탁드립니다.

   향후에는 사장님 몰래가 아닌 사장님께 보고드리고

   더 좋은 이벤트로 항시 즐겁게 메가박스 찾으실 수 있도록

   잘 준비하겠습니다.

 

------------------------------------------------

일부 고객님에 한해 랜덤으로 지급된 쿠폰의 상세 정보 안내드립니다.

- 사용기간: ~9/15

- 사용안내:

본 쿠폰은 온라인 예매 전용이며,

성인 일반가 기준/ 일반 2D 영화/ 일반관, 컴포트관에 한해 적용됩니다.(특별관, 특별석 사용 불가)

조조, 심야, 어린이, 우대 사용 불가이며, 기타 중복할인 불가합니다.]]></COLUMN>
		<COLUMN NAME="WRITER_ID"><![CDATA[]]></COLUMN>
		<COLUMN NAME="MOD_DT"><![CDATA[19/10/28]]></COLUMN>
		<COLUMN NAME="REG_DT"><![CDATA[19/10/28]]></COLUMN>
		<COLUMN NAME="BRANCH_NM"><![CDATA[전체]]></COLUMN>
		<COLUMN NAME="FILE_ID"><![CDATA[]]></COLUMN>
		<COLUMN NAME="USER_ID"><![CDATA[admin]]></COLUMN>
	</ROW>
	<ROW>
		<COLUMN NAME="NOTICE_ID"><![CDATA[450]]></COLUMN>
		<COLUMN NAME="TITLE"><![CDATA[[라이브뷰잉] Poppin’Party Fan Meeting Tour 2019! 진행 안내]]></COLUMN>
		<COLUMN NAME="ORG_FILE_NM"><![CDATA[]]></COLUMN>
		<COLUMN NAME="SAVE_FILE_NM"><![CDATA[]]></COLUMN>
		<COLUMN NAME="EXT"><![CDATA[]]></COLUMN>
		<COLUMN NAME="CONTENTS"><![CDATA[안녕하세요. 써니사이드입니다.

[라이브뷰잉] Poppin’Party Fan Meeting Tour 2019! 를 메가박스에서 단독으로 생중계 상영 합니다.

 

1. 상영 안내

- 상영일정: 10월 3일 목요일 19:00 시작
- 상영지점: 메가박스 동대문
- 러닝타임: 약 3시간 (당일 현장 상황에 따라 변동가능)

 

2. 예매 안내
- 가격: 40,000원
- 티켓오픈: 2019년 9월 17일 (화) 11:00~
- 구매처: 메가박스 홈페이지, 모바일 어플 및 현장
- 당일 환불 불가 (10/2(수) 24:00까지 환불 가능)
* 본 라이브뷰잉의 경우, 일반 영화와 동일한 방식으로 예매가 진행됩니다. 위 구매처를 통해 상영작을 선택하신 후 예매를 진행해주시기 바랍니다.
* 본 상영은 이벤트 상영인 관계로 결제 시 제휴, 할인카드 적용이 불가합니다.
* 티켓의 높은 가격의 재판매 및 암표 판매 등은 엄격히 제한하고 있으며, 정가 이상의 티켓판매로 피해고객의 클레임이 당사로 신고·접수될 경우
  해당 티켓 구매 고객의 관람 및 홈페이지 이용에 제한이 따를 수 있습니다.

 

3. 라이브뷰잉 관람 안내
- 본 이벤트는 일본에서 Zepp DiverCity TOKYO 진행되는 <Poppin’Party Fan Meeting Tour 2019> 이벤트를 위성으로 중계하는 이벤트입니다.
- 본 이벤트는 생중계로 진행되기 때문에 날씨 등 불가항력적인 요인에 의해 영상, 음성에 차질이 생길 수 있으며, 별도의 자막은 제공되지 않습니다.
- 본 이벤트는 현지 사정에 의해 러닝타임 및 프로그램이 변경될 수 있으며 공연이 예정시간을 훨씬 초과하는 경우 중계가 종료될 수 있습니다.
- 본 이벤트는 영화관에서 관객 여러분이 즐길 수 있는 상영으로, 경우에 따라서는 박수와 환호성이 있을 수 있습니다.
- 관람 도중 돌발행동이나 타인에게 불쾌감을 줄 수 있는 행동은 엄격히 금지되어 있으며, 경우에 따라서는 직원의 제지 및 환불없이 퇴장조치가 진행될 수 있습니다.
- 극장 내에서는 어떤 경우라도 녹음 / 녹화 / 촬영은 금지되어 있습니다. 이와 같은 상황이 발생 시, 기록된 내용 삭제 후 퇴장조치가 있을 수 있습니다.]]></COLUMN>
		<COLUMN NAME="WRITER_ID"><![CDATA[]]></COLUMN>
		<COLUMN NAME="MOD_DT"><![CDATA[19/10/28]]></COLUMN>
		<COLUMN NAME="REG_DT"><![CDATA[19/10/28]]></COLUMN>
		<COLUMN NAME="BRANCH_NM"><![CDATA[홍대점]]></COLUMN>
		<COLUMN NAME="FILE_ID"><![CDATA[]]></COLUMN>
		<COLUMN NAME="USER_ID"><![CDATA[admin]]></COLUMN>
	</ROW>
	<ROW>
		<COLUMN NAME="NOTICE_ID"><![CDATA[448]]></COLUMN>
		<COLUMN NAME="TITLE"><![CDATA[[라이브뷰잉] Poppin’Party Fan Meeting Tour 2019! 상영관 추가 안내]]></COLUMN>
		<COLUMN NAME="ORG_FILE_NM"><![CDATA[]]></COLUMN>
		<COLUMN NAME="SAVE_FILE_NM"><![CDATA[]]></COLUMN>
		<COLUMN NAME="EXT"><![CDATA[]]></COLUMN>
		<COLUMN NAME="CONTENTS"><![CDATA[안녕하세요. 써니사이드입니다.
[라이브뷰잉] Poppin’Party Fan Meeting Tour 2019! 의 상영관이 추가 오픈될 예정입니다.

 

1. 상영관 추가
- 써니사이드 강남점

 

2. 추가 상영관 예매 안내
- 가격: 40,000원
- 추가 상영관 티켓 오픈: 2019년 9월 24일 (화) 11:00~
- 구매처: 써니사이드 홈페이지, 현장
- 공연 당일 환불 불가 (10/2(수) 24:00까지 환불 가능)
* 본 공연과 관련한 상세 내용은 이전 게시글인 "[라이브뷰잉] Poppin’Party Fan Meeting Tour 2019! 진행 안내" 에서 확인하실 수 있습니다.]]></COLUMN>
		<COLUMN NAME="WRITER_ID"><![CDATA[]]></COLUMN>
		<COLUMN NAME="MOD_DT"><![CDATA[19/10/28]]></COLUMN>
		<COLUMN NAME="REG_DT"><![CDATA[19/10/28]]></COLUMN>
		<COLUMN NAME="BRANCH_NM"><![CDATA[강남점]]></COLUMN>
		<COLUMN NAME="FILE_ID"><![CDATA[]]></COLUMN>
		<COLUMN NAME="USER_ID"><![CDATA[admin]]></COLUMN>
	</ROW>
	<ROW>
		<COLUMN NAME="NOTICE_ID"><![CDATA[454]]></COLUMN>
		<COLUMN NAME="TITLE"><![CDATA[[라이브뷰잉] Poppin’Party Fan Meeting Tour 2019! 진행 안내]]></COLUMN>
		<COLUMN NAME="ORG_FILE_NM"><![CDATA[]]></COLUMN>
		<COLUMN NAME="SAVE_FILE_NM"><![CDATA[]]></COLUMN>
		<COLUMN NAME="EXT"><![CDATA[]]></COLUMN>
		<COLUMN NAME="CONTENTS"><![CDATA[안녕하세요. 써니사이드입니다.

[라이브뷰잉] Poppin’Party Fan Meeting Tour 2019! 를 메가박스에서 단독으로 생중계 상영 합니다.

 

1. 상영 안내

- 상영일정: 10월 3일 목요일 19:00 시작
- 상영지점: 메가박스 동대문
- 러닝타임: 약 3시간 (당일 현장 상황에 따라 변동가능)

 

2. 예매 안내
- 가격: 40,000원
- 티켓오픈: 2019년 9월 17일 (화) 11:00~
- 구매처: 메가박스 홈페이지, 모바일 어플 및 현장
- 당일 환불 불가 (10/2(수) 24:00까지 환불 가능)
* 본 라이브뷰잉의 경우, 일반 영화와 동일한 방식으로 예매가 진행됩니다. 위 구매처를 통해 상영작을 선택하신 후 예매를 진행해주시기 바랍니다.
* 본 상영은 이벤트 상영인 관계로 결제 시 제휴, 할인카드 적용이 불가합니다.
* 티켓의 높은 가격의 재판매 및 암표 판매 등은 엄격히 제한하고 있으며, 정가 이상의 티켓판매로 피해고객의 클레임이 당사로 신고·접수될 경우
  해당 티켓 구매 고객의 관람 및 홈페이지 이용에 제한이 따를 수 있습니다.

 

3. 라이브뷰잉 관람 안내
- 본 이벤트는 일본에서 Zepp DiverCity TOKYO 진행되는 <Poppin’Party Fan Meeting Tour 2019> 이벤트를 위성으로 중계하는 이벤트입니다.
- 본 이벤트는 생중계로 진행되기 때문에 날씨 등 불가항력적인 요인에 의해 영상, 음성에 차질이 생길 수 있으며, 별도의 자막은 제공되지 않습니다.
- 본 이벤트는 현지 사정에 의해 러닝타임 및 프로그램이 변경될 수 있으며 공연이 예정시간을 훨씬 초과하는 경우 중계가 종료될 수 있습니다.
- 본 이벤트는 영화관에서 관객 여러분이 즐길 수 있는 상영으로, 경우에 따라서는 박수와 환호성이 있을 수 있습니다.
- 관람 도중 돌발행동이나 타인에게 불쾌감을 줄 수 있는 행동은 엄격히 금지되어 있으며, 경우에 따라서는 직원의 제지 및 환불없이 퇴장조치가 진행될 수 있습니다.
- 극장 내에서는 어떤 경우라도 녹음 / 녹화 / 촬영은 금지되어 있습니다. 이와 같은 상황이 발생 시, 기록된 내용 삭제 후 퇴장조치가 있을 수 있습니다.]]></COLUMN>
		<COLUMN NAME="WRITER_ID"><![CDATA[]]></COLUMN>
		<COLUMN NAME="MOD_DT"><![CDATA[19/10/28]]></COLUMN>
		<COLUMN NAME="REG_DT"><![CDATA[19/10/28]]></COLUMN>
		<COLUMN NAME="BRANCH_NM"><![CDATA[홍대점]]></COLUMN>
		<COLUMN NAME="FILE_ID"><![CDATA[]]></COLUMN>
		<COLUMN NAME="USER_ID"><![CDATA[admin]]></COLUMN>
	</ROW>
	<ROW>
		<COLUMN NAME="NOTICE_ID"><![CDATA[455]]></COLUMN>
		<COLUMN NAME="TITLE"><![CDATA[[라이브뷰잉] Poppin’Party Fan Meeting Tour 2019! 상영관 추가 안내]]></COLUMN>
		<COLUMN NAME="ORG_FILE_NM"><![CDATA[]]></COLUMN>
		<COLUMN NAME="SAVE_FILE_NM"><![CDATA[]]></COLUMN>
		<COLUMN NAME="EXT"><![CDATA[]]></COLUMN>
		<COLUMN NAME="CONTENTS"><![CDATA[안녕하세요. 써니사이드입니다.
[라이브뷰잉] Poppin’Party Fan Meeting Tour 2019! 의 상영관이 추가 오픈될 예정입니다.

 

1. 상영관 추가
- 써니사이드 강남점

 

2. 추가 상영관 예매 안내
- 가격: 40,000원
- 추가 상영관 티켓 오픈: 2019년 9월 24일 (화) 11:00~
- 구매처: 써니사이드 홈페이지, 현장
- 공연 당일 환불 불가 (10/2(수) 24:00까지 환불 가능)
* 본 공연과 관련한 상세 내용은 이전 게시글인 "[라이브뷰잉] Poppin’Party Fan Meeting Tour 2019! 진행 안내" 에서 확인하실 수 있습니다.]]></COLUMN>
		<COLUMN NAME="WRITER_ID"><![CDATA[]]></COLUMN>
		<COLUMN NAME="MOD_DT"><![CDATA[19/10/28]]></COLUMN>
		<COLUMN NAME="REG_DT"><![CDATA[19/10/28]]></COLUMN>
		<COLUMN NAME="BRANCH_NM"><![CDATA[강남점]]></COLUMN>
		<COLUMN NAME="FILE_ID"><![CDATA[]]></COLUMN>
		<COLUMN NAME="USER_ID"><![CDATA[admin]]></COLUMN>
	</ROW>
	<ROW>
		<COLUMN NAME="NOTICE_ID"><![CDATA[456]]></COLUMN>
		<COLUMN NAME="TITLE"><![CDATA[[공지] 우리은행 전산시스템 점검에 따른 서비스 일시 중단 안내]]></COLUMN>
		<COLUMN NAME="ORG_FILE_NM"><![CDATA[]]></COLUMN>
		<COLUMN NAME="SAVE_FILE_NM"><![CDATA[]]></COLUMN>
		<COLUMN NAME="EXT"><![CDATA[]]></COLUMN>
		<COLUMN NAME="CONTENTS"><![CDATA[안녕하세요, 써니사이드입니다.

 

우리은행 전산시스템 점검으로 인해 아래의 서비스가 중단 될 예정이오니,

참고하셔서 이용에 불편 없으시길 바랍니다.

 

더욱 안정되고 원활한 서비스로 찾아 뵙겠습니다.

 

<시스템 점검 시간 및 내용>

 

   1. 중단일시: 2019년 10월 13일(일) 02:00 ~ 06:00 (4시간),

   2. 중단내용 : 우리은행 체크카드 결제 서비스 불가

      ※ 간편결제(카카오페이/페이코) 우리은행 체크카드 서비스 위와 동일하게 이용 불가       

 

 감사합니다.]]></COLUMN>
		<COLUMN NAME="WRITER_ID"><![CDATA[]]></COLUMN>
		<COLUMN NAME="MOD_DT"><![CDATA[19/10/28]]></COLUMN>
		<COLUMN NAME="REG_DT"><![CDATA[19/10/28]]></COLUMN>
		<COLUMN NAME="BRANCH_NM"><![CDATA[전체]]></COLUMN>
		<COLUMN NAME="FILE_ID"><![CDATA[]]></COLUMN>
		<COLUMN NAME="USER_ID"><![CDATA[admin]]></COLUMN>
	</ROW>
	<ROW>
		<COLUMN NAME="NOTICE_ID"><![CDATA[452]]></COLUMN>
		<COLUMN NAME="TITLE"><![CDATA[[공지] 센트럴 메트 오페라 11/2(토) 상영 일정 조정 안내]]></COLUMN>
		<COLUMN NAME="ORG_FILE_NM"><![CDATA[]]></COLUMN>
		<COLUMN NAME="SAVE_FILE_NM"><![CDATA[]]></COLUMN>
		<COLUMN NAME="EXT"><![CDATA[]]></COLUMN>
		<COLUMN NAME="CONTENTS"><![CDATA[안녕하세요, 써니사이드입니다.

 

11월 2일 토요일 <블리즈컨 2019 메가박스 단독 라이브 중계> 이벤트에 따라

메트 오페라 <카르멘@The Met>의 상영 일정이 조정됩니다.

(참고 : http://www.megabox.co.kr/?menuId=event&p=detail&p2=7788)

 

관람 예정이신 고객님께서는 아래의 내용을 참고 해주시기 바랍니다.

 

1. 영화명: 오페라 <카르멘@The Met>

2. 해당 지점: 센트럴지점

3. 상영 시간

 - 기존: 11월 2일 토요일 오후 2시

 - 변경: 11월 2일 토요일 오후 2시 30분

 

항상 저희 써니사이드를 이용해주셔서 감사합니다.]]></COLUMN>
		<COLUMN NAME="WRITER_ID"><![CDATA[]]></COLUMN>
		<COLUMN NAME="MOD_DT"><![CDATA[19/10/28]]></COLUMN>
		<COLUMN NAME="REG_DT"><![CDATA[19/10/28]]></COLUMN>
		<COLUMN NAME="BRANCH_NM"><![CDATA[홍대점]]></COLUMN>
		<COLUMN NAME="FILE_ID"><![CDATA[]]></COLUMN>
		<COLUMN NAME="USER_ID"><![CDATA[admin]]></COLUMN>
	</ROW>
	<ROW>
		<COLUMN NAME="NOTICE_ID"><![CDATA[453]]></COLUMN>
		<COLUMN NAME="TITLE"><![CDATA[[공지] <82년생 김지영> 1+1 스토어 관람권 오류 안내]]></COLUMN>
		<COLUMN NAME="ORG_FILE_NM"><![CDATA[]]></COLUMN>
		<COLUMN NAME="SAVE_FILE_NM"><![CDATA[]]></COLUMN>
		<COLUMN NAME="EXT"><![CDATA[]]></COLUMN>
		<COLUMN NAME="CONTENTS"><![CDATA[안녕하세요, 라이프 시어터 써니사이드입니다.

 

10월 25일 금요일 발생한 <82년생 김지영> 1+1 관람권 오류로 불편을 드려 죄송합니다.

현재 관람권 예매 시 1인만 예매 가능하던 오류는 모두 조치 완료하여 정상적으로 이용 가능합니다.

다시 한 번 불편을 드린 점 양해 부탁드리며, 앞으로 더 좋은 서비스로 보답하겠습니다.

 

감사합니다.]]></COLUMN>
		<COLUMN NAME="WRITER_ID"><![CDATA[]]></COLUMN>
		<COLUMN NAME="MOD_DT"><![CDATA[19/10/28]]></COLUMN>
		<COLUMN NAME="REG_DT"><![CDATA[19/10/28]]></COLUMN>
		<COLUMN NAME="BRANCH_NM"><![CDATA[강남점]]></COLUMN>
		<COLUMN NAME="FILE_ID"><![CDATA[]]></COLUMN>
		<COLUMN NAME="USER_ID"><![CDATA[admin]]></COLUMN>
	</ROW>
	<ROW>
		<COLUMN NAME="NOTICE_ID"><![CDATA[467]]></COLUMN>
		<COLUMN NAME="TITLE"><![CDATA[[공지] 한국투자증권 전산시스템 점검에 따른 서비스 일시 중단 안내]]></COLUMN>
		<COLUMN NAME="ORG_FILE_NM"><![CDATA[]]></COLUMN>
		<COLUMN NAME="SAVE_FILE_NM"><![CDATA[]]></COLUMN>
		<COLUMN NAME="EXT"><![CDATA[]]></COLUMN>
		<COLUMN NAME="CONTENTS"><![CDATA[안녕하세요, 써니사이드입니다.

 

한국투자증권 전산시스템 점검으로 인해 아래의 서비스가 중단 될 예정이오니,

참고하셔서 이용에 불편 없으시길 바랍니다.

 

더욱 안정되고 원활한 서비스로 찾아 뵙겠습니다.

 

 

<시스템 점검 시간 및 내용>

 

   1. 중단일시: 2019년 10월 26일(토) 08:00 ~ 2019년 10월 27일(일) 24:00 (40시간),

   2. 중단내용 : 한국투자증권 체크카드 결제 서비스 불가

      ※ 간편결제(카카오페이/페이코) 한국투자증권 체크카드 서비스 위와 동일하게 이용 불가       

 

 감사합니다.]]></COLUMN>
		<COLUMN NAME="WRITER_ID"><![CDATA[]]></COLUMN>
		<COLUMN NAME="MOD_DT"><![CDATA[19/10/29]]></COLUMN>
		<COLUMN NAME="REG_DT"><![CDATA[19/10/29]]></COLUMN>
		<COLUMN NAME="BRANCH_NM"><![CDATA[홍대점]]></COLUMN>
		<COLUMN NAME="FILE_ID"><![CDATA[]]></COLUMN>
		<COLUMN NAME="USER_ID"><![CDATA[admin]]></COLUMN>
	</ROW>
	<ROW>
		<COLUMN NAME="NOTICE_ID"><![CDATA[587]]></COLUMN>
		<COLUMN NAME="TITLE"><![CDATA[123]]></COLUMN>
		<COLUMN NAME="ORG_FILE_NM"><![CDATA[]]></COLUMN>
		<COLUMN NAME="SAVE_FILE_NM"><![CDATA[]]></COLUMN>
		<COLUMN NAME="EXT"><![CDATA[]]></COLUMN>
		<COLUMN NAME="CONTENTS"><![CDATA[123]]></COLUMN>
		<COLUMN NAME="WRITER_ID"><![CDATA[]]></COLUMN>
		<COLUMN NAME="MOD_DT"><![CDATA[19/10/29]]></COLUMN>
		<COLUMN NAME="REG_DT"><![CDATA[19/10/29]]></COLUMN>
		<COLUMN NAME="BRANCH_NM"><![CDATA[홍대점]]></COLUMN>
		<COLUMN NAME="FILE_ID"><![CDATA[201910292ec5af44a8c54dc6b78b9381c822b4fc]]></COLUMN>
		<COLUMN NAME="USER_ID"><![CDATA[admin]]></COLUMN>
	</ROW>
</RESULTS>