<?xml version='1.0'  encoding='UTF-8' ?>
<RESULTS>
	<ROW>
		<COLUMN NAME="PAY_CODE"><![CDATA[20191028-061515]]></COLUMN>
		<COLUMN NAME="PRODUCT_ID"><![CDATA[20191027-001-134]]></COLUMN>
		<COLUMN NAME="USER_ID"><![CDATA[syji999]]></COLUMN>
		<COLUMN NAME="TOTAL_COST"><![CDATA[6000]]></COLUMN>
		<COLUMN NAME="PAY_DT"><![CDATA[19/10/28]]></COLUMN>
		<COLUMN NAME="STR_COUNT"><![CDATA[1]]></COLUMN>
	</ROW>
	<ROW>
		<COLUMN NAME="PAY_CODE"><![CDATA[20191029-123353]]></COLUMN>
		<COLUMN NAME="PRODUCT_ID"><![CDATA[20191027-001-134]]></COLUMN>
		<COLUMN NAME="USER_ID"><![CDATA[syji999]]></COLUMN>
		<COLUMN NAME="TOTAL_COST"><![CDATA[6000]]></COLUMN>
		<COLUMN NAME="PAY_DT"><![CDATA[19/10/29]]></COLUMN>
		<COLUMN NAME="STR_COUNT"><![CDATA[1]]></COLUMN>
	</ROW>
	<ROW>
		<COLUMN NAME="PAY_CODE"><![CDATA[20191026-044136]]></COLUMN>
		<COLUMN NAME="PRODUCT_ID"><![CDATA[20191027-002-125]]></COLUMN>
		<COLUMN NAME="USER_ID"><![CDATA[syji999]]></COLUMN>
		<COLUMN NAME="TOTAL_COST"><![CDATA[39000]]></COLUMN>
		<COLUMN NAME="PAY_DT"><![CDATA[19/10/27]]></COLUMN>
		<COLUMN NAME="STR_COUNT"><![CDATA[2]]></COLUMN>
	</ROW>
	<ROW>
		<COLUMN NAME="PAY_CODE"><![CDATA[20191026-044136]]></COLUMN>
		<COLUMN NAME="PRODUCT_ID"><![CDATA[20191027-003-121]]></COLUMN>
		<COLUMN NAME="USER_ID"><![CDATA[syji999]]></COLUMN>
		<COLUMN NAME="TOTAL_COST"><![CDATA[39000]]></COLUMN>
		<COLUMN NAME="PAY_DT"><![CDATA[19/10/27]]></COLUMN>
		<COLUMN NAME="STR_COUNT"><![CDATA[2]]></COLUMN>
	</ROW>
	<ROW>
		<COLUMN NAME="PAY_CODE"><![CDATA[20191026-044136]]></COLUMN>
		<COLUMN NAME="PRODUCT_ID"><![CDATA[20191027-001-134]]></COLUMN>
		<COLUMN NAME="USER_ID"><![CDATA[syji999]]></COLUMN>
		<COLUMN NAME="TOTAL_COST"><![CDATA[39000]]></COLUMN>
		<COLUMN NAME="PAY_DT"><![CDATA[19/10/27]]></COLUMN>
		<COLUMN NAME="STR_COUNT"><![CDATA[1]]></COLUMN>
	</ROW>
	<ROW>
		<COLUMN NAME="PAY_CODE"><![CDATA[20191029-114604]]></COLUMN>
		<COLUMN NAME="PRODUCT_ID"><![CDATA[20191027-002-125]]></COLUMN>
		<COLUMN NAME="USER_ID"><![CDATA[admin]]></COLUMN>
		<COLUMN NAME="TOTAL_COST"><![CDATA[9000]]></COLUMN>
		<COLUMN NAME="PAY_DT"><![CDATA[19/10/29]]></COLUMN>
		<COLUMN NAME="STR_COUNT"><![CDATA[2]]></COLUMN>
	</ROW>
</RESULTS>