<?xml version='1.0'  encoding='UTF-8' ?>
<RESULTS>
	<ROW>
		<COLUMN NAME="TICKET_CODE"><![CDATA[W0A2Q0XBV93RTQXUWRCD]]></COLUMN>
		<COLUMN NAME="USER_ID"><![CDATA[admin]]></COLUMN>
		<COLUMN NAME="ORG_IMG_NM"><![CDATA[피카츄.jfif]]></COLUMN>
		<COLUMN NAME="SAVE_IMG_NM"><![CDATA[C:\Users\sist\git\SUNNYSIDE3\SUNNYSIDE3\src\main\webapp\resources\img\phototicket\피카츄30.jfif]]></COLUMN>
		<COLUMN NAME="EXT"><![CDATA[jfif]]></COLUMN>
		<COLUMN NAME="IMG_SIZE"><![CDATA[28418]]></COLUMN>
		<COLUMN NAME="REG_DT"><![CDATA[19/10/28]]></COLUMN>
		<COLUMN NAME="KORTITLE"><![CDATA[꼼:수행]]></COLUMN>
		<COLUMN NAME="SCREEN_DT"><![CDATA[]]></COLUMN>
		<COLUMN NAME="SEAT_NM"><![CDATA[C13]]></COLUMN>
		<COLUMN NAME="ROOM_ID"><![CDATA[]]></COLUMN>
		<COLUMN NAME="THISFILENM"><![CDATA[피카츄30.jfif]]></COLUMN>
	</ROW>
	<ROW>
		<COLUMN NAME="TICKET_CODE"><![CDATA[S0BOT6LE7WTSNED8NNHR]]></COLUMN>
		<COLUMN NAME="USER_ID"><![CDATA[admin]]></COLUMN>
		<COLUMN NAME="ORG_IMG_NM"><![CDATA[bori.jpg]]></COLUMN>
		<COLUMN NAME="SAVE_IMG_NM"><![CDATA[C:\Users\sist\git\SUNNYSIDE3\SUNNYSIDE3\src\main\webapp\resources\img\phototicket\bori11.jpg]]></COLUMN>
		<COLUMN NAME="EXT"><![CDATA[jpg]]></COLUMN>
		<COLUMN NAME="IMG_SIZE"><![CDATA[233131]]></COLUMN>
		<COLUMN NAME="REG_DT"><![CDATA[19/10/28]]></COLUMN>
		<COLUMN NAME="KORTITLE"><![CDATA[꼼:수행]]></COLUMN>
		<COLUMN NAME="SCREEN_DT"><![CDATA[]]></COLUMN>
		<COLUMN NAME="SEAT_NM"><![CDATA[C24]]></COLUMN>
		<COLUMN NAME="ROOM_ID"><![CDATA[]]></COLUMN>
		<COLUMN NAME="THISFILENM"><![CDATA[bori11.jpg]]></COLUMN>
	</ROW>
	<ROW>
		<COLUMN NAME="TICKET_CODE"><![CDATA[YO30BY4AUTWWR7D47AA4]]></COLUMN>
		<COLUMN NAME="USER_ID"><![CDATA[syji999]]></COLUMN>
		<COLUMN NAME="ORG_IMG_NM"><![CDATA[bada.jpg]]></COLUMN>
		<COLUMN NAME="SAVE_IMG_NM"><![CDATA[C:\Users\sist\git\SUNNYSIDE3\SUNNYSIDE3\src\main\webapp\resources\img\phototicket\bada.jpg]]></COLUMN>
		<COLUMN NAME="EXT"><![CDATA[jpg]]></COLUMN>
		<COLUMN NAME="IMG_SIZE"><![CDATA[8379]]></COLUMN>
		<COLUMN NAME="REG_DT"><![CDATA[19/10/29]]></COLUMN>
		<COLUMN NAME="KORTITLE"><![CDATA[]]></COLUMN>
		<COLUMN NAME="SCREEN_DT"><![CDATA[19/10/29]]></COLUMN>
		<COLUMN NAME="SEAT_NM"><![CDATA[G14]]></COLUMN>
		<COLUMN NAME="ROOM_ID"><![CDATA[]]></COLUMN>
		<COLUMN NAME="THISFILENM"><![CDATA[bada.jpg]]></COLUMN>
	</ROW>
	<ROW>
		<COLUMN NAME="TICKET_CODE"><![CDATA[IIEOD3MI0GNPYBW1ADTP]]></COLUMN>
		<COLUMN NAME="USER_ID"><![CDATA[admin]]></COLUMN>
		<COLUMN NAME="ORG_IMG_NM"><![CDATA[bori.jpg]]></COLUMN>
		<COLUMN NAME="SAVE_IMG_NM"><![CDATA[C:\Users\sist\git\SUNNYSIDE3\SUNNYSIDE3\src\main\webapp\resources\img\phototicket\bori12.jpg]]></COLUMN>
		<COLUMN NAME="EXT"><![CDATA[jpg]]></COLUMN>
		<COLUMN NAME="IMG_SIZE"><![CDATA[233131]]></COLUMN>
		<COLUMN NAME="REG_DT"><![CDATA[19/10/29]]></COLUMN>
		<COLUMN NAME="KORTITLE"><![CDATA[경계선]]></COLUMN>
		<COLUMN NAME="SCREEN_DT"><![CDATA[]]></COLUMN>
		<COLUMN NAME="SEAT_NM"><![CDATA[C7]]></COLUMN>
		<COLUMN NAME="ROOM_ID"><![CDATA[]]></COLUMN>
		<COLUMN NAME="THISFILENM"><![CDATA[bori12.jpg]]></COLUMN>
	</ROW>
	<ROW>
		<COLUMN NAME="TICKET_CODE"><![CDATA[JZJW5KCI08FXN4NHDBBS]]></COLUMN>
		<COLUMN NAME="USER_ID"><![CDATA[admin]]></COLUMN>
		<COLUMN NAME="ORG_IMG_NM"><![CDATA[피카츄.jfif]]></COLUMN>
		<COLUMN NAME="SAVE_IMG_NM"><![CDATA[C:\Users\sist\git\SUNNYSIDE3\SUNNYSIDE3\src\main\webapp\resources\img\phototicket\피카츄32.jfif]]></COLUMN>
		<COLUMN NAME="EXT"><![CDATA[jfif]]></COLUMN>
		<COLUMN NAME="IMG_SIZE"><![CDATA[28418]]></COLUMN>
		<COLUMN NAME="REG_DT"><![CDATA[19/10/29]]></COLUMN>
		<COLUMN NAME="KORTITLE"><![CDATA[경계선]]></COLUMN>
		<COLUMN NAME="SCREEN_DT"><![CDATA[]]></COLUMN>
		<COLUMN NAME="SEAT_NM"><![CDATA[D7]]></COLUMN>
		<COLUMN NAME="ROOM_ID"><![CDATA[]]></COLUMN>
		<COLUMN NAME="THISFILENM"><![CDATA[피카츄32.jfif]]></COLUMN>
	</ROW>
	<ROW>
		<COLUMN NAME="TICKET_CODE"><![CDATA[20WYTYBYRMNN3FHPSG4C]]></COLUMN>
		<COLUMN NAME="USER_ID"><![CDATA[dosam]]></COLUMN>
		<COLUMN NAME="ORG_IMG_NM"><![CDATA[피카츄.jfif]]></COLUMN>
		<COLUMN NAME="SAVE_IMG_NM"><![CDATA[C:\Users\sist\git\SUNNYSIDE3\SUNNYSIDE3\src\main\webapp\resources\img\phototicket\피카츄33.jfif]]></COLUMN>
		<COLUMN NAME="EXT"><![CDATA[jfif]]></COLUMN>
		<COLUMN NAME="IMG_SIZE"><![CDATA[28418]]></COLUMN>
		<COLUMN NAME="REG_DT"><![CDATA[19/10/29]]></COLUMN>
		<COLUMN NAME="KORTITLE"><![CDATA[]]></COLUMN>
		<COLUMN NAME="SCREEN_DT"><![CDATA[19/10/30]]></COLUMN>
		<COLUMN NAME="SEAT_NM"><![CDATA[B6]]></COLUMN>
		<COLUMN NAME="ROOM_ID"><![CDATA[]]></COLUMN>
		<COLUMN NAME="THISFILENM"><![CDATA[피카츄33.jfif]]></COLUMN>
	</ROW>
	<ROW>
		<COLUMN NAME="TICKET_CODE"><![CDATA[8W80W6W5BX6AXYHQKVTS]]></COLUMN>
		<COLUMN NAME="USER_ID"><![CDATA[admin]]></COLUMN>
		<COLUMN NAME="ORG_IMG_NM"><![CDATA[bada.jpg]]></COLUMN>
		<COLUMN NAME="SAVE_IMG_NM"><![CDATA[C:\Users\sist\git\SUNNYSIDE3\SUNNYSIDE3\src\main\webapp\resources\img\phototicket\bada.jpg]]></COLUMN>
		<COLUMN NAME="EXT"><![CDATA[jpg]]></COLUMN>
		<COLUMN NAME="IMG_SIZE"><![CDATA[8379]]></COLUMN>
		<COLUMN NAME="REG_DT"><![CDATA[19/10/29]]></COLUMN>
		<COLUMN NAME="KORTITLE"><![CDATA[]]></COLUMN>
		<COLUMN NAME="SCREEN_DT"><![CDATA[19/10/29]]></COLUMN>
		<COLUMN NAME="SEAT_NM"><![CDATA[C12]]></COLUMN>
		<COLUMN NAME="ROOM_ID"><![CDATA[]]></COLUMN>
		<COLUMN NAME="THISFILENM"><![CDATA[bada.jpg]]></COLUMN>
	</ROW>
	<ROW>
		<COLUMN NAME="TICKET_CODE"><![CDATA[W4JHUY70V70159J6SHBT]]></COLUMN>
		<COLUMN NAME="USER_ID"><![CDATA[admin]]></COLUMN>
		<COLUMN NAME="ORG_IMG_NM"><![CDATA[bada.jpg]]></COLUMN>
		<COLUMN NAME="SAVE_IMG_NM"><![CDATA[C:\Users\sist\git\SUNNYSIDE3\SUNNYSIDE3\src\main\webapp\resources\img\phototicket\bada1.jpg]]></COLUMN>
		<COLUMN NAME="EXT"><![CDATA[jpg]]></COLUMN>
		<COLUMN NAME="IMG_SIZE"><![CDATA[8379]]></COLUMN>
		<COLUMN NAME="REG_DT"><![CDATA[19/10/29]]></COLUMN>
		<COLUMN NAME="KORTITLE"><![CDATA[]]></COLUMN>
		<COLUMN NAME="SCREEN_DT"><![CDATA[19/10/29]]></COLUMN>
		<COLUMN NAME="SEAT_NM"><![CDATA[C13]]></COLUMN>
		<COLUMN NAME="ROOM_ID"><![CDATA[]]></COLUMN>
		<COLUMN NAME="THISFILENM"><![CDATA[bada1.jpg]]></COLUMN>
	</ROW>
	<ROW>
		<COLUMN NAME="TICKET_CODE"><![CDATA[JMFMEHAMN4ZU7L92AOQ4]]></COLUMN>
		<COLUMN NAME="USER_ID"><![CDATA[admin]]></COLUMN>
		<COLUMN NAME="ORG_IMG_NM"><![CDATA[plainPopcorn.jpg]]></COLUMN>
		<COLUMN NAME="SAVE_IMG_NM"><![CDATA[C:\Users\sist\git\SUNNYSIDE3\SUNNYSIDE3\src\main\webapp\resources\img\phototicket\plainPopcorn.jpg]]></COLUMN>
		<COLUMN NAME="EXT"><![CDATA[jpg]]></COLUMN>
		<COLUMN NAME="IMG_SIZE"><![CDATA[50133]]></COLUMN>
		<COLUMN NAME="REG_DT"><![CDATA[19/10/29]]></COLUMN>
		<COLUMN NAME="KORTITLE"><![CDATA[]]></COLUMN>
		<COLUMN NAME="SCREEN_DT"><![CDATA[19/10/30]]></COLUMN>
		<COLUMN NAME="SEAT_NM"><![CDATA[H14]]></COLUMN>
		<COLUMN NAME="ROOM_ID"><![CDATA[]]></COLUMN>
		<COLUMN NAME="THISFILENM"><![CDATA[plainPopcorn.jpg]]></COLUMN>
	</ROW>
	<ROW>
		<COLUMN NAME="TICKET_CODE"><![CDATA[EW6G7QHPFSJK80NIFNCB]]></COLUMN>
		<COLUMN NAME="USER_ID"><![CDATA[syji999]]></COLUMN>
		<COLUMN NAME="ORG_IMG_NM"><![CDATA[bada.jpg]]></COLUMN>
		<COLUMN NAME="SAVE_IMG_NM"><![CDATA[C:\Users\sist\git\SUNNYSIDE3\SUNNYSIDE3\src\main\webapp\resources\img\phototicket\bada2.jpg]]></COLUMN>
		<COLUMN NAME="EXT"><![CDATA[jpg]]></COLUMN>
		<COLUMN NAME="IMG_SIZE"><![CDATA[8379]]></COLUMN>
		<COLUMN NAME="REG_DT"><![CDATA[19/10/29]]></COLUMN>
		<COLUMN NAME="KORTITLE"><![CDATA[]]></COLUMN>
		<COLUMN NAME="SCREEN_DT"><![CDATA[19/10/31]]></COLUMN>
		<COLUMN NAME="SEAT_NM"><![CDATA[D14]]></COLUMN>
		<COLUMN NAME="ROOM_ID"><![CDATA[]]></COLUMN>
		<COLUMN NAME="THISFILENM"><![CDATA[bada2.jpg]]></COLUMN>
	</ROW>
	<ROW>
		<COLUMN NAME="TICKET_CODE"><![CDATA[ZC7ULB3UGN88AV73UF0S]]></COLUMN>
		<COLUMN NAME="USER_ID"><![CDATA[syji999]]></COLUMN>
		<COLUMN NAME="ORG_IMG_NM"><![CDATA[bada.jpg]]></COLUMN>
		<COLUMN NAME="SAVE_IMG_NM"><![CDATA[C:\Users\sist\git\SUNNYSIDE3\SUNNYSIDE3\src\main\webapp\resources\img\phototicket\bada3.jpg]]></COLUMN>
		<COLUMN NAME="EXT"><![CDATA[jpg]]></COLUMN>
		<COLUMN NAME="IMG_SIZE"><![CDATA[8379]]></COLUMN>
		<COLUMN NAME="REG_DT"><![CDATA[19/10/29]]></COLUMN>
		<COLUMN NAME="KORTITLE"><![CDATA[]]></COLUMN>
		<COLUMN NAME="SCREEN_DT"><![CDATA[19/10/31]]></COLUMN>
		<COLUMN NAME="SEAT_NM"><![CDATA[D13]]></COLUMN>
		<COLUMN NAME="ROOM_ID"><![CDATA[]]></COLUMN>
		<COLUMN NAME="THISFILENM"><![CDATA[bada3.jpg]]></COLUMN>
	</ROW>
	<ROW>
		<COLUMN NAME="TICKET_CODE"><![CDATA[AETOI4QBB1AILJDBQ1ZN]]></COLUMN>
		<COLUMN NAME="USER_ID"><![CDATA[syji999]]></COLUMN>
		<COLUMN NAME="ORG_IMG_NM"><![CDATA[sand.jpg]]></COLUMN>
		<COLUMN NAME="SAVE_IMG_NM"><![CDATA[C:\Users\sist\git\SUNNYSIDE3\SUNNYSIDE3\src\main\webapp\resources\img\phototicket\sand.jpg]]></COLUMN>
		<COLUMN NAME="EXT"><![CDATA[jpg]]></COLUMN>
		<COLUMN NAME="IMG_SIZE"><![CDATA[246332]]></COLUMN>
		<COLUMN NAME="REG_DT"><![CDATA[19/10/29]]></COLUMN>
		<COLUMN NAME="KORTITLE"><![CDATA[]]></COLUMN>
		<COLUMN NAME="SCREEN_DT"><![CDATA[19/10/29]]></COLUMN>
		<COLUMN NAME="SEAT_NM"><![CDATA[I14]]></COLUMN>
		<COLUMN NAME="ROOM_ID"><![CDATA[]]></COLUMN>
		<COLUMN NAME="THISFILENM"><![CDATA[sand.jpg]]></COLUMN>
	</ROW>
	<ROW>
		<COLUMN NAME="TICKET_CODE"><![CDATA[34Q4JSTDN0SJYB6VIO70]]></COLUMN>
		<COLUMN NAME="USER_ID"><![CDATA[admin]]></COLUMN>
		<COLUMN NAME="ORG_IMG_NM"><![CDATA[bori.jpg]]></COLUMN>
		<COLUMN NAME="SAVE_IMG_NM"><![CDATA[C:\Users\sist\git\SUNNYSIDE3\SUNNYSIDE3\src\main\webapp\resources\img\phototicket\bori10.jpg]]></COLUMN>
		<COLUMN NAME="EXT"><![CDATA[jpg]]></COLUMN>
		<COLUMN NAME="IMG_SIZE"><![CDATA[233131]]></COLUMN>
		<COLUMN NAME="REG_DT"><![CDATA[19/10/28]]></COLUMN>
		<COLUMN NAME="KORTITLE"><![CDATA[꼼:수행]]></COLUMN>
		<COLUMN NAME="SCREEN_DT"><![CDATA[]]></COLUMN>
		<COLUMN NAME="SEAT_NM"><![CDATA[C13]]></COLUMN>
		<COLUMN NAME="ROOM_ID"><![CDATA[]]></COLUMN>
		<COLUMN NAME="THISFILENM"><![CDATA[bori10.jpg]]></COLUMN>
	</ROW>
</RESULTS>