<?xml version='1.0'  encoding='UTF-8' ?>
<RESULTS>
	<ROW>
		<COLUMN NAME="PRODUCT_ID"><![CDATA[20191027-003-120]]></COLUMN>
		<COLUMN NAME="PRODUCT_NM"><![CDATA[IMAX관람권]]></COLUMN>
		<COLUMN NAME="PRODUCT_INFO"><![CDATA[ IMAX는 사람이 볼 수 있는 최대 영상이라는 뜻으로, 최고의 몰입감을 선사합니다.
]]></COLUMN>
		<COLUMN NAME="CATEGORY"><![CDATA[3]]></COLUMN>
		<COLUMN NAME="PRODUCT_COST"><![CDATA[15000]]></COLUMN>
		<COLUMN NAME="ORG_FILE_NM"><![CDATA[imax.jpg]]></COLUMN>
		<COLUMN NAME="SAVE_FILE_NM"><![CDATA[../resources/image/2019/10/imax.jpg]]></COLUMN>
		<COLUMN NAME="EXT"><![CDATA[jpg]]></COLUMN>
		<COLUMN NAME="CART_ID"><![CDATA[20191027-060]]></COLUMN>
	</ROW>
	<ROW>
		<COLUMN NAME="PRODUCT_ID"><![CDATA[20191027-003-121]]></COLUMN>
		<COLUMN NAME="PRODUCT_NM"><![CDATA[3D관람권]]></COLUMN>
		<COLUMN NAME="PRODUCT_INFO"><![CDATA[단순한 영화 관람을 넘어 영화 속 주인공이 된 듯한 체험을 해보세요! 입체감으로 손에 닿을 것 같은 생생함을 주는 특별 상영관입니다.
]]></COLUMN>
		<COLUMN NAME="CATEGORY"><![CDATA[3]]></COLUMN>
		<COLUMN NAME="PRODUCT_COST"><![CDATA[12000]]></COLUMN>
		<COLUMN NAME="ORG_FILE_NM"><![CDATA[3dx.jpg]]></COLUMN>
		<COLUMN NAME="SAVE_FILE_NM"><![CDATA[../resources/image/2019/10/3dx.jpg]]></COLUMN>
		<COLUMN NAME="EXT"><![CDATA[jpg]]></COLUMN>
		<COLUMN NAME="CART_ID"><![CDATA[20191027-061]]></COLUMN>
	</ROW>
	<ROW>
		<COLUMN NAME="PRODUCT_ID"><![CDATA[20191027-002-125]]></COLUMN>
		<COLUMN NAME="PRODUCT_NM"><![CDATA[자몽에이드(L)]]></COLUMN>
		<COLUMN NAME="PRODUCT_INFO"><![CDATA[시원한 자몽에이드와 함께면 영화 보는 재미가 2배!
]]></COLUMN>
		<COLUMN NAME="CATEGORY"><![CDATA[2]]></COLUMN>
		<COLUMN NAME="PRODUCT_COST"><![CDATA[4500]]></COLUMN>
		<COLUMN NAME="ORG_FILE_NM"><![CDATA[jamong.jpg]]></COLUMN>
		<COLUMN NAME="SAVE_FILE_NM"><![CDATA[../resources/image/2019/10/jamong.jpg]]></COLUMN>
		<COLUMN NAME="EXT"><![CDATA[jpg]]></COLUMN>
		<COLUMN NAME="CART_ID"><![CDATA[20191027-065]]></COLUMN>
	</ROW>
	<ROW>
		<COLUMN NAME="PRODUCT_ID"><![CDATA[20191027-003-123]]></COLUMN>
		<COLUMN NAME="PRODUCT_NM"><![CDATA[4DX관람권]]></COLUMN>
		<COLUMN NAME="PRODUCT_INFO"><![CDATA[단순한 영화 관람을 넘어 영화 속 주인공이 된 듯한 체험을 해보세요!장면마다 생생함을 극대화시키는 4DX 효과를 통해 영화에 더욱 몰입할 수 있습니다
]]></COLUMN>
		<COLUMN NAME="CATEGORY"><![CDATA[3]]></COLUMN>
		<COLUMN NAME="PRODUCT_COST"><![CDATA[18000]]></COLUMN>
		<COLUMN NAME="ORG_FILE_NM"><![CDATA[4dx.jpg]]></COLUMN>
		<COLUMN NAME="SAVE_FILE_NM"><![CDATA[../resources/image/2019/10/4dx.jpg]]></COLUMN>
		<COLUMN NAME="EXT"><![CDATA[jpg]]></COLUMN>
		<COLUMN NAME="CART_ID"><![CDATA[20191027-063]]></COLUMN>
	</ROW>
	<ROW>
		<COLUMN NAME="PRODUCT_ID"><![CDATA[20191027-003-124]]></COLUMN>
		<COLUMN NAME="PRODUCT_NM"><![CDATA[골드클래스(2인)]]></COLUMN>
		<COLUMN NAME="PRODUCT_INFO"><![CDATA[최고의 관람환경을 제공함과 동시에 고객 맞춤형 서비스까지 제공되는 프리미엄 상영관입니다.
]]></COLUMN>
		<COLUMN NAME="CATEGORY"><![CDATA[3]]></COLUMN>
		<COLUMN NAME="PRODUCT_COST"><![CDATA[35000]]></COLUMN>
		<COLUMN NAME="ORG_FILE_NM"><![CDATA[goldclass.jpg]]></COLUMN>
		<COLUMN NAME="SAVE_FILE_NM"><![CDATA[../resources/image/2019/10/goldclass.jpg]]></COLUMN>
		<COLUMN NAME="EXT"><![CDATA[jpg]]></COLUMN>
		<COLUMN NAME="CART_ID"><![CDATA[20191027-064]]></COLUMN>
	</ROW>
	<ROW>
		<COLUMN NAME="PRODUCT_ID"><![CDATA[20191027-003-118]]></COLUMN>
		<COLUMN NAME="PRODUCT_NM"><![CDATA[영화 관람권  ]]></COLUMN>
		<COLUMN NAME="PRODUCT_INFO"><![CDATA[영화를 3000원 할인된 가격으로 보세요
]]></COLUMN>
		<COLUMN NAME="CATEGORY"><![CDATA[3]]></COLUMN>
		<COLUMN NAME="PRODUCT_COST"><![CDATA[7000]]></COLUMN>
		<COLUMN NAME="ORG_FILE_NM"><![CDATA[movieticket.jpg]]></COLUMN>
		<COLUMN NAME="SAVE_FILE_NM"><![CDATA[../resources/image/2019/10/movieticket.jpg]]></COLUMN>
		<COLUMN NAME="EXT"><![CDATA[jpg]]></COLUMN>
		<COLUMN NAME="CART_ID"><![CDATA[20191027-058]]></COLUMN>
	</ROW>
	<ROW>
		<COLUMN NAME="PRODUCT_ID"><![CDATA[20191027-003-119]]></COLUMN>
		<COLUMN NAME="PRODUCT_NM"><![CDATA[기프트카드]]></COLUMN>
		<COLUMN NAME="PRODUCT_INFO"><![CDATA[충전형 선불 카드
]]></COLUMN>
		<COLUMN NAME="CATEGORY"><![CDATA[3]]></COLUMN>
		<COLUMN NAME="PRODUCT_COST"><![CDATA[10000]]></COLUMN>
		<COLUMN NAME="ORG_FILE_NM"><![CDATA[giftcard.jpg]]></COLUMN>
		<COLUMN NAME="SAVE_FILE_NM"><![CDATA[../resources/image/2019/10/giftcard.jpg]]></COLUMN>
		<COLUMN NAME="EXT"><![CDATA[jpg]]></COLUMN>
		<COLUMN NAME="CART_ID"><![CDATA[20191027-059]]></COLUMN>
	</ROW>
	<ROW>
		<COLUMN NAME="PRODUCT_ID"><![CDATA[20191027-002-126]]></COLUMN>
		<COLUMN NAME="PRODUCT_NM"><![CDATA[오렌지주스]]></COLUMN>
		<COLUMN NAME="PRODUCT_INFO"><![CDATA[100%오렌지과즙
]]></COLUMN>
		<COLUMN NAME="CATEGORY"><![CDATA[2]]></COLUMN>
		<COLUMN NAME="PRODUCT_COST"><![CDATA[3500]]></COLUMN>
		<COLUMN NAME="ORG_FILE_NM"><![CDATA[orange.jpg]]></COLUMN>
		<COLUMN NAME="SAVE_FILE_NM"><![CDATA[../resources/image/2019/10/orange.jpg]]></COLUMN>
		<COLUMN NAME="EXT"><![CDATA[jpg]]></COLUMN>
		<COLUMN NAME="CART_ID"><![CDATA[20191027-066]]></COLUMN>
	</ROW>
	<ROW>
		<COLUMN NAME="PRODUCT_ID"><![CDATA[20191027-002-130]]></COLUMN>
		<COLUMN NAME="PRODUCT_NM"><![CDATA[아메리카노(ICE)]]></COLUMN>
		<COLUMN NAME="PRODUCT_INFO"><![CDATA[현대인의 필수품, 아메리카노 한잔하세요~
]]></COLUMN>
		<COLUMN NAME="CATEGORY"><![CDATA[2]]></COLUMN>
		<COLUMN NAME="PRODUCT_COST"><![CDATA[4000]]></COLUMN>
		<COLUMN NAME="ORG_FILE_NM"><![CDATA[americano.jpg]]></COLUMN>
		<COLUMN NAME="SAVE_FILE_NM"><![CDATA[../resources/image/2019/10/americano.jpg]]></COLUMN>
		<COLUMN NAME="EXT"><![CDATA[jpg]]></COLUMN>
		<COLUMN NAME="CART_ID"><![CDATA[20191027-070]]></COLUMN>
	</ROW>
	<ROW>
		<COLUMN NAME="PRODUCT_ID"><![CDATA[20191027-002-128]]></COLUMN>
		<COLUMN NAME="PRODUCT_NM"><![CDATA[탄산음료(L)]]></COLUMN>
		<COLUMN NAME="PRODUCT_INFO"><![CDATA[콜라,콜라제로,환타오렌지,스프라이트 중 원하는 맛으로 교환하세요!
]]></COLUMN>
		<COLUMN NAME="CATEGORY"><![CDATA[2]]></COLUMN>
		<COLUMN NAME="PRODUCT_COST"><![CDATA[2700]]></COLUMN>
		<COLUMN NAME="ORG_FILE_NM"><![CDATA[coke(L).jpg]]></COLUMN>
		<COLUMN NAME="SAVE_FILE_NM"><![CDATA[../resources/image/2019/10/coke(L).jpg]]></COLUMN>
		<COLUMN NAME="EXT"><![CDATA[jpg]]></COLUMN>
		<COLUMN NAME="CART_ID"><![CDATA[20191027-068]]></COLUMN>
	</ROW>
	<ROW>
		<COLUMN NAME="PRODUCT_ID"><![CDATA[20191027-001-132]]></COLUMN>
		<COLUMN NAME="PRODUCT_NM"><![CDATA[고소팝콘(L)]]></COLUMN>
		<COLUMN NAME="PRODUCT_INFO"><![CDATA[옥수수 본연의 맛을 즐길 수 있는 짭짜름한 클래식 고소팝콘!
]]></COLUMN>
		<COLUMN NAME="CATEGORY"><![CDATA[1]]></COLUMN>
		<COLUMN NAME="PRODUCT_COST"><![CDATA[5000]]></COLUMN>
		<COLUMN NAME="ORG_FILE_NM"><![CDATA[plain.jpg]]></COLUMN>
		<COLUMN NAME="SAVE_FILE_NM"><![CDATA[../resources/image/2019/10/plain.jpg]]></COLUMN>
		<COLUMN NAME="EXT"><![CDATA[jpg]]></COLUMN>
		<COLUMN NAME="CART_ID"><![CDATA[20191027-072]]></COLUMN>
	</ROW>
	<ROW>
		<COLUMN NAME="PRODUCT_ID"><![CDATA[20191027-002-131]]></COLUMN>
		<COLUMN NAME="PRODUCT_NM"><![CDATA[탄산음료(M)]]></COLUMN>
		<COLUMN NAME="PRODUCT_INFO"><![CDATA[콜라,콜라제로,환타오렌지,환타포도,스프라이트 중 원하는 맛으로 교환하세요!
]]></COLUMN>
		<COLUMN NAME="CATEGORY"><![CDATA[2]]></COLUMN>
		<COLUMN NAME="PRODUCT_COST"><![CDATA[2200]]></COLUMN>
		<COLUMN NAME="ORG_FILE_NM"><![CDATA[coke(M).jpg]]></COLUMN>
		<COLUMN NAME="SAVE_FILE_NM"><![CDATA[../resources/image/2019/10/coke(M).jpg]]></COLUMN>
		<COLUMN NAME="EXT"><![CDATA[jpg]]></COLUMN>
		<COLUMN NAME="CART_ID"><![CDATA[20191027-071]]></COLUMN>
	</ROW>
	<ROW>
		<COLUMN NAME="PRODUCT_ID"><![CDATA[20191027-001-133]]></COLUMN>
		<COLUMN NAME="PRODUCT_NM"><![CDATA[달콤팝콘(L)]]></COLUMN>
		<COLUMN NAME="PRODUCT_INFO"><![CDATA[달콤한 카라멜 향이 가득한 달콤팝콘을 즐겨보세요!
]]></COLUMN>
		<COLUMN NAME="CATEGORY"><![CDATA[1]]></COLUMN>
		<COLUMN NAME="PRODUCT_COST"><![CDATA[6000]]></COLUMN>
		<COLUMN NAME="ORG_FILE_NM"><![CDATA[caramel(L).jpg]]></COLUMN>
		<COLUMN NAME="SAVE_FILE_NM"><![CDATA[../resources/image/2019/10/caramel(L).jpg]]></COLUMN>
		<COLUMN NAME="EXT"><![CDATA[jpg]]></COLUMN>
		<COLUMN NAME="CART_ID"><![CDATA[20191027-073]]></COLUMN>
	</ROW>
	<ROW>
		<COLUMN NAME="PRODUCT_ID"><![CDATA[20191027-001-134]]></COLUMN>
		<COLUMN NAME="PRODUCT_NM"><![CDATA[더블치즈팝콘(L)]]></COLUMN>
		<COLUMN NAME="PRODUCT_INFO"><![CDATA[치즈매니아들이라면 놓칠 수 없는 바로 그 팝콘!
]]></COLUMN>
		<COLUMN NAME="CATEGORY"><![CDATA[1]]></COLUMN>
		<COLUMN NAME="PRODUCT_COST"><![CDATA[6000]]></COLUMN>
		<COLUMN NAME="ORG_FILE_NM"><![CDATA[doublecheese(L).jpg]]></COLUMN>
		<COLUMN NAME="SAVE_FILE_NM"><![CDATA[../resources/image/2019/10/doublecheese(L).jpg]]></COLUMN>
		<COLUMN NAME="EXT"><![CDATA[jpg]]></COLUMN>
		<COLUMN NAME="CART_ID"><![CDATA[20191027-074]]></COLUMN>
	</ROW>
	<ROW>
		<COLUMN NAME="PRODUCT_ID"><![CDATA[20191027-001-135]]></COLUMN>
		<COLUMN NAME="PRODUCT_NM"><![CDATA[바질어니언팝콘(L)]]></COLUMN>
		<COLUMN NAME="PRODUCT_INFO"><![CDATA[수많은 매니아를 보유한 바로 그 팝콘! 중독성 200%
]]></COLUMN>
		<COLUMN NAME="CATEGORY"><![CDATA[1]]></COLUMN>
		<COLUMN NAME="PRODUCT_COST"><![CDATA[6000]]></COLUMN>
		<COLUMN NAME="ORG_FILE_NM"><![CDATA[onion(L).jpg]]></COLUMN>
		<COLUMN NAME="SAVE_FILE_NM"><![CDATA[../resources/image/2019/10/onion(L).jpg]]></COLUMN>
		<COLUMN NAME="EXT"><![CDATA[jpg]]></COLUMN>
		<COLUMN NAME="CART_ID"><![CDATA[20191027-075]]></COLUMN>
	</ROW>
	<ROW>
		<COLUMN NAME="PRODUCT_ID"><![CDATA[20191027-001-136]]></COLUMN>
		<COLUMN NAME="PRODUCT_NM"><![CDATA[스위트랜치 팝콘(L)]]></COLUMN>
		<COLUMN NAME="PRODUCT_INFO"><![CDATA[입에서 사르르 녹는 스위트랜치 팝콘을 경험해보세요
]]></COLUMN>
		<COLUMN NAME="CATEGORY"><![CDATA[1]]></COLUMN>
		<COLUMN NAME="PRODUCT_COST"><![CDATA[6500]]></COLUMN>
		<COLUMN NAME="ORG_FILE_NM"><![CDATA[sweetlanch.jpg]]></COLUMN>
		<COLUMN NAME="SAVE_FILE_NM"><![CDATA[../resources/image/2019/10/sweetlanch.jpg]]></COLUMN>
		<COLUMN NAME="EXT"><![CDATA[jpg]]></COLUMN>
		<COLUMN NAME="CART_ID"><![CDATA[20191027-076]]></COLUMN>
	</ROW>
	<ROW>
		<COLUMN NAME="PRODUCT_ID"><![CDATA[20191027-001-137]]></COLUMN>
		<COLUMN NAME="PRODUCT_NM"><![CDATA[고소팝콘(M)]]></COLUMN>
		<COLUMN NAME="PRODUCT_INFO"><![CDATA[옥수수 본연의 맛을 즐길 수 있는 짭짜름한 클래식 고소팝콘!
]]></COLUMN>
		<COLUMN NAME="CATEGORY"><![CDATA[1]]></COLUMN>
		<COLUMN NAME="PRODUCT_COST"><![CDATA[4500]]></COLUMN>
		<COLUMN NAME="ORG_FILE_NM"><![CDATA[plain(m).jpg]]></COLUMN>
		<COLUMN NAME="SAVE_FILE_NM"><![CDATA[../resources/image/2019/10/plain(m).jpg]]></COLUMN>
		<COLUMN NAME="EXT"><![CDATA[jpg]]></COLUMN>
		<COLUMN NAME="CART_ID"><![CDATA[20191027-077]]></COLUMN>
	</ROW>
	<ROW>
		<COLUMN NAME="PRODUCT_ID"><![CDATA[20191027-001-138]]></COLUMN>
		<COLUMN NAME="PRODUCT_NM"><![CDATA[더블치즈팝콘(M)]]></COLUMN>
		<COLUMN NAME="PRODUCT_INFO"><![CDATA[치즈매니아들이라면 놓칠 수 없는 바로 그 팝콘!
]]></COLUMN>
		<COLUMN NAME="CATEGORY"><![CDATA[1]]></COLUMN>
		<COLUMN NAME="PRODUCT_COST"><![CDATA[5500]]></COLUMN>
		<COLUMN NAME="ORG_FILE_NM"><![CDATA[doublecheese(M).jpg]]></COLUMN>
		<COLUMN NAME="SAVE_FILE_NM"><![CDATA[../resources/image/2019/10/doublecheese(M).jpg]]></COLUMN>
		<COLUMN NAME="EXT"><![CDATA[jpg]]></COLUMN>
		<COLUMN NAME="CART_ID"><![CDATA[20191027-078]]></COLUMN>
	</ROW>
	<ROW>
		<COLUMN NAME="PRODUCT_ID"><![CDATA[20191027-001-139]]></COLUMN>
		<COLUMN NAME="PRODUCT_NM"><![CDATA[달콤팝콘(M)]]></COLUMN>
		<COLUMN NAME="PRODUCT_INFO"><![CDATA[달콤한 카라멜 향이 가득한 달콤팝콘을 즐겨보세요!
]]></COLUMN>
		<COLUMN NAME="CATEGORY"><![CDATA[1]]></COLUMN>
		<COLUMN NAME="PRODUCT_COST"><![CDATA[5500]]></COLUMN>
		<COLUMN NAME="ORG_FILE_NM"><![CDATA[caramel(M).jpg]]></COLUMN>
		<COLUMN NAME="SAVE_FILE_NM"><![CDATA[../resources/image/2019/10/caramel(M).jpg]]></COLUMN>
		<COLUMN NAME="EXT"><![CDATA[jpg]]></COLUMN>
		<COLUMN NAME="CART_ID"><![CDATA[20191027-079]]></COLUMN>
	</ROW>
	<ROW>
		<COLUMN NAME="PRODUCT_ID"><![CDATA[20191027-001-140]]></COLUMN>
		<COLUMN NAME="PRODUCT_NM"><![CDATA[바질어니언팝콘(M)]]></COLUMN>
		<COLUMN NAME="PRODUCT_INFO"><![CDATA[수많은 매니아를 보유한 바로 그 팝콘! 중독성 200%
]]></COLUMN>
		<COLUMN NAME="CATEGORY"><![CDATA[1]]></COLUMN>
		<COLUMN NAME="PRODUCT_COST"><![CDATA[5500]]></COLUMN>
		<COLUMN NAME="ORG_FILE_NM"><![CDATA[onion(M).jpg]]></COLUMN>
		<COLUMN NAME="SAVE_FILE_NM"><![CDATA[../resources/image/2019/10/onion(M).jpg]]></COLUMN>
		<COLUMN NAME="EXT"><![CDATA[jpg]]></COLUMN>
		<COLUMN NAME="CART_ID"><![CDATA[20191027-080]]></COLUMN>
	</ROW>
</RESULTS>