<?xml version='1.0'  encoding='UTF-8' ?>
<RESULTS>
	<ROW>
		<COLUMN NAME="USER_ID"><![CDATA[syji999]]></COLUMN>
		<COLUMN NAME="QNA_NUM"><![CDATA[581]]></COLUMN>
		<COLUMN NAME="TITLE"><![CDATA[오늘 이페이지가 마지막이라구요?]]></COLUMN>
		<COLUMN NAME="CONTENTS"><![CDATA[오늘 이게 마지막이예요?]]></COLUMN>
		<COLUMN NAME="STATUS"><![CDATA[답변완료]]></COLUMN>
		<COLUMN NAME="REG_DT"><![CDATA[19/10/29]]></COLUMN>
		<COLUMN NAME="ORG_FILE_NM"><![CDATA[]]></COLUMN>
		<COLUMN NAME="SAVE_FILE_NM"><![CDATA[]]></COLUMN>
		<COLUMN NAME="EXT"><![CDATA[]]></COLUMN>
		<COLUMN NAME="FILE_SIZE"><![CDATA[0]]></COLUMN>
		<COLUMN NAME="RE_CONTENTS"><![CDATA[네. 폭파됩니다]]></COLUMN>
		<COLUMN NAME="RE_DT"><![CDATA[19/10/29]]></COLUMN>
	</ROW>
	<ROW>
		<COLUMN NAME="USER_ID"><![CDATA[user01]]></COLUMN>
		<COLUMN NAME="QNA_NUM"><![CDATA[543]]></COLUMN>
		<COLUMN NAME="TITLE"><![CDATA[예매내역을 꼭 출력해야 하나요?]]></COLUMN>
		<COLUMN NAME="CONTENTS"><![CDATA[예매를 했는데 내역을 꼭 출력해야 하는지 궁금합니다.]]></COLUMN>
		<COLUMN NAME="STATUS"><![CDATA[답변완료]]></COLUMN>
		<COLUMN NAME="REG_DT"><![CDATA[19/10/29]]></COLUMN>
		<COLUMN NAME="ORG_FILE_NM"><![CDATA[]]></COLUMN>
		<COLUMN NAME="SAVE_FILE_NM"><![CDATA[]]></COLUMN>
		<COLUMN NAME="EXT"><![CDATA[]]></COLUMN>
		<COLUMN NAME="FILE_SIZE"><![CDATA[0]]></COLUMN>
		<COLUMN NAME="RE_CONTENTS"><![CDATA[네 출력해야 합니다.]]></COLUMN>
		<COLUMN NAME="RE_DT"><![CDATA[19/10/29]]></COLUMN>
	</ROW>
	<ROW>
		<COLUMN NAME="USER_ID"><![CDATA[user02]]></COLUMN>
		<COLUMN NAME="QNA_NUM"><![CDATA[565]]></COLUMN>
		<COLUMN NAME="TITLE"><![CDATA[예매 취소는 어떻게 하나요?]]></COLUMN>
		<COLUMN NAME="CONTENTS"><![CDATA[예매 취소는 어떻게 하나요?]]></COLUMN>
		<COLUMN NAME="STATUS"><![CDATA[답변대기]]></COLUMN>
		<COLUMN NAME="REG_DT"><![CDATA[19/10/29]]></COLUMN>
		<COLUMN NAME="ORG_FILE_NM"><![CDATA[]]></COLUMN>
		<COLUMN NAME="SAVE_FILE_NM"><![CDATA[]]></COLUMN>
		<COLUMN NAME="EXT"><![CDATA[]]></COLUMN>
		<COLUMN NAME="FILE_SIZE"><![CDATA[0]]></COLUMN>
		<COLUMN NAME="RE_CONTENTS"><![CDATA[]]></COLUMN>
		<COLUMN NAME="RE_DT"><![CDATA[19/10/29]]></COLUMN>
	</ROW>
	<ROW>
		<COLUMN NAME="USER_ID"><![CDATA[user03]]></COLUMN>
		<COLUMN NAME="QNA_NUM"><![CDATA[566]]></COLUMN>
		<COLUMN NAME="TITLE"><![CDATA[인터넷 예매 수수료가 있나요?]]></COLUMN>
		<COLUMN NAME="CONTENTS"><![CDATA[인터넷 예매 수수료가 있나요?]]></COLUMN>
		<COLUMN NAME="STATUS"><![CDATA[답변대기]]></COLUMN>
		<COLUMN NAME="REG_DT"><![CDATA[19/10/29]]></COLUMN>
		<COLUMN NAME="ORG_FILE_NM"><![CDATA[]]></COLUMN>
		<COLUMN NAME="SAVE_FILE_NM"><![CDATA[]]></COLUMN>
		<COLUMN NAME="EXT"><![CDATA[]]></COLUMN>
		<COLUMN NAME="FILE_SIZE"><![CDATA[0]]></COLUMN>
		<COLUMN NAME="RE_CONTENTS"><![CDATA[]]></COLUMN>
		<COLUMN NAME="RE_DT"><![CDATA[19/10/29]]></COLUMN>
	</ROW>
	<ROW>
		<COLUMN NAME="USER_ID"><![CDATA[user04]]></COLUMN>
		<COLUMN NAME="QNA_NUM"><![CDATA[567]]></COLUMN>
		<COLUMN NAME="TITLE"><![CDATA[아이디와 비번을 까먹었습니다.]]></COLUMN>
		<COLUMN NAME="CONTENTS"><![CDATA[아이디와 비번을 까먹었습니다.]]></COLUMN>
		<COLUMN NAME="STATUS"><![CDATA[답변대기]]></COLUMN>
		<COLUMN NAME="REG_DT"><![CDATA[19/10/29]]></COLUMN>
		<COLUMN NAME="ORG_FILE_NM"><![CDATA[]]></COLUMN>
		<COLUMN NAME="SAVE_FILE_NM"><![CDATA[]]></COLUMN>
		<COLUMN NAME="EXT"><![CDATA[]]></COLUMN>
		<COLUMN NAME="FILE_SIZE"><![CDATA[0]]></COLUMN>
		<COLUMN NAME="RE_CONTENTS"><![CDATA[]]></COLUMN>
		<COLUMN NAME="RE_DT"><![CDATA[19/10/29]]></COLUMN>
	</ROW>
</RESULTS>