<?xml version='1.0'  encoding='UTF-8' ?>
<RESULTS>
	<ROW>
		<COLUMN NAME="MOVIE_ID"><![CDATA[F48335]]></COLUMN>
		<COLUMN NAME="USER_ID"><![CDATA[user01]]></COLUMN>
		<COLUMN NAME="CONTENTS"><![CDATA[안젤리나 졸리 최고..]]></COLUMN>
		<COLUMN NAME="VISITOR_RATE"><![CDATA[5]]></COLUMN>
		<COLUMN NAME="REG_DT"><![CDATA[19/10/28]]></COLUMN>
	</ROW>
	<ROW>
		<COLUMN NAME="MOVIE_ID"><![CDATA[F48335]]></COLUMN>
		<COLUMN NAME="USER_ID"><![CDATA[admin]]></COLUMN>
		<COLUMN NAME="CONTENTS"><![CDATA[영상이 너무 예뻐요~]]></COLUMN>
		<COLUMN NAME="VISITOR_RATE"><![CDATA[4]]></COLUMN>
		<COLUMN NAME="REG_DT"><![CDATA[19/10/28]]></COLUMN>
	</ROW>
	<ROW>
		<COLUMN NAME="MOVIE_ID"><![CDATA[F48335]]></COLUMN>
		<COLUMN NAME="USER_ID"><![CDATA[user02]]></COLUMN>
		<COLUMN NAME="CONTENTS"><![CDATA[오로라 너무 답답해요...]]></COLUMN>
		<COLUMN NAME="VISITOR_RATE"><![CDATA[3]]></COLUMN>
		<COLUMN NAME="REG_DT"><![CDATA[19/10/28]]></COLUMN>
	</ROW>
	<ROW>
		<COLUMN NAME="MOVIE_ID"><![CDATA[F48335]]></COLUMN>
		<COLUMN NAME="USER_ID"><![CDATA[user03]]></COLUMN>
		<COLUMN NAME="CONTENTS"><![CDATA[요정들 너무 귀여움 ㅜㅜ]]></COLUMN>
		<COLUMN NAME="VISITOR_RATE"><![CDATA[4]]></COLUMN>
		<COLUMN NAME="REG_DT"><![CDATA[19/10/28]]></COLUMN>
	</ROW>
	<ROW>
		<COLUMN NAME="MOVIE_ID"><![CDATA[F48335]]></COLUMN>
		<COLUMN NAME="USER_ID"><![CDATA[user04]]></COLUMN>
		<COLUMN NAME="CONTENTS"><![CDATA[이런 반전이???]]></COLUMN>
		<COLUMN NAME="VISITOR_RATE"><![CDATA[3]]></COLUMN>
		<COLUMN NAME="REG_DT"><![CDATA[19/10/28]]></COLUMN>
	</ROW>
	<ROW>
		<COLUMN NAME="MOVIE_ID"><![CDATA[F48335]]></COLUMN>
		<COLUMN NAME="USER_ID"><![CDATA[user05]]></COLUMN>
		<COLUMN NAME="CONTENTS"><![CDATA[재미있어요~]]></COLUMN>
		<COLUMN NAME="VISITOR_RATE"><![CDATA[5]]></COLUMN>
		<COLUMN NAME="REG_DT"><![CDATA[19/10/26]]></COLUMN>
	</ROW>
	<ROW>
		<COLUMN NAME="MOVIE_ID"><![CDATA[F48335]]></COLUMN>
		<COLUMN NAME="USER_ID"><![CDATA[user06]]></COLUMN>
		<COLUMN NAME="CONTENTS"><![CDATA[말레피센트 너무 멋지네요 ㅎㅎ]]></COLUMN>
		<COLUMN NAME="VISITOR_RATE"><![CDATA[4]]></COLUMN>
		<COLUMN NAME="REG_DT"><![CDATA[19/10/27]]></COLUMN>
	</ROW>
	<ROW>
		<COLUMN NAME="MOVIE_ID"><![CDATA[F48335]]></COLUMN>
		<COLUMN NAME="USER_ID"><![CDATA[user07]]></COLUMN>
		<COLUMN NAME="CONTENTS"><![CDATA[아이들과 보기에 좋아요~]]></COLUMN>
		<COLUMN NAME="VISITOR_RATE"><![CDATA[5]]></COLUMN>
		<COLUMN NAME="REG_DT"><![CDATA[19/10/27]]></COLUMN>
	</ROW>
	<ROW>
		<COLUMN NAME="MOVIE_ID"><![CDATA[F48335]]></COLUMN>
		<COLUMN NAME="USER_ID"><![CDATA[user08]]></COLUMN>
		<COLUMN NAME="CONTENTS"><![CDATA[희대의 작품이에요]]></COLUMN>
		<COLUMN NAME="VISITOR_RATE"><![CDATA[5]]></COLUMN>
		<COLUMN NAME="REG_DT"><![CDATA[19/10/27]]></COLUMN>
	</ROW>
	<ROW>
		<COLUMN NAME="MOVIE_ID"><![CDATA[F48335]]></COLUMN>
		<COLUMN NAME="USER_ID"><![CDATA[user09]]></COLUMN>
		<COLUMN NAME="CONTENTS"><![CDATA[역시 디즈니!!!]]></COLUMN>
		<COLUMN NAME="VISITOR_RATE"><![CDATA[5]]></COLUMN>
		<COLUMN NAME="REG_DT"><![CDATA[19/10/25]]></COLUMN>
	</ROW>
	<ROW>
		<COLUMN NAME="MOVIE_ID"><![CDATA[F48335]]></COLUMN>
		<COLUMN NAME="USER_ID"><![CDATA[user10]]></COLUMN>
		<COLUMN NAME="CONTENTS"><![CDATA[이것이야말로 어른들을 위한 동화네요! ㅎㅎ]]></COLUMN>
		<COLUMN NAME="VISITOR_RATE"><![CDATA[3]]></COLUMN>
		<COLUMN NAME="REG_DT"><![CDATA[19/10/28]]></COLUMN>
	</ROW>
</RESULTS>