<?xml version='1.0'  encoding='UTF-8' ?>
<RESULTS>
	<ROW>
		<COLUMN NAME="BRANCH_ID"><![CDATA[PXGOC4X0M28DDVI7SVJ1]]></COLUMN>
		<COLUMN NAME="ROOM_ID"><![CDATA[7KLNKUSL63RZW5RU1ST5]]></COLUMN>
		<COLUMN NAME="ROOM_NM"><![CDATA[3관]]></COLUMN>
		<COLUMN NAME="TOTAL_SEAT"><![CDATA[251]]></COLUMN>
		<COLUMN NAME="REST_SEAT"><![CDATA[251]]></COLUMN>
	</ROW>
	<ROW>
		<COLUMN NAME="BRANCH_ID"><![CDATA[5GI7FHGP1AM1ZPERNUIG]]></COLUMN>
		<COLUMN NAME="ROOM_ID"><![CDATA[7PWIB9L0KY55NJ0YHO5Y]]></COLUMN>
		<COLUMN NAME="ROOM_NM"><![CDATA[4관]]></COLUMN>
		<COLUMN NAME="TOTAL_SEAT"><![CDATA[57]]></COLUMN>
		<COLUMN NAME="REST_SEAT"><![CDATA[57]]></COLUMN>
	</ROW>
	<ROW>
		<COLUMN NAME="BRANCH_ID"><![CDATA[PXGOC4X0M28DDVI7SVJ1]]></COLUMN>
		<COLUMN NAME="ROOM_ID"><![CDATA[IIII6N3Q7E6YPBJ81TVH]]></COLUMN>
		<COLUMN NAME="ROOM_NM"><![CDATA[2관]]></COLUMN>
		<COLUMN NAME="TOTAL_SEAT"><![CDATA[190]]></COLUMN>
		<COLUMN NAME="REST_SEAT"><![CDATA[190]]></COLUMN>
	</ROW>
	<ROW>
		<COLUMN NAME="BRANCH_ID"><![CDATA[PXGOC4X0M28DDVI7SVJ1]]></COLUMN>
		<COLUMN NAME="ROOM_ID"><![CDATA[ZGY13KBN1SDIA3LRKQIF]]></COLUMN>
		<COLUMN NAME="ROOM_NM"><![CDATA[1관]]></COLUMN>
		<COLUMN NAME="TOTAL_SEAT"><![CDATA[184]]></COLUMN>
		<COLUMN NAME="REST_SEAT"><![CDATA[184]]></COLUMN>
	</ROW>
	<ROW>
		<COLUMN NAME="BRANCH_ID"><![CDATA[5GI7FHGP1AM1ZPERNUIG]]></COLUMN>
		<COLUMN NAME="ROOM_ID"><![CDATA[9T8BE7TKFW75C0Z542RA]]></COLUMN>
		<COLUMN NAME="ROOM_NM"><![CDATA[1관]]></COLUMN>
		<COLUMN NAME="TOTAL_SEAT"><![CDATA[198]]></COLUMN>
		<COLUMN NAME="REST_SEAT"><![CDATA[198]]></COLUMN>
	</ROW>
	<ROW>
		<COLUMN NAME="BRANCH_ID"><![CDATA[5GI7FHGP1AM1ZPERNUIG]]></COLUMN>
		<COLUMN NAME="ROOM_ID"><![CDATA[ZHLQ3WQBXG9UKQQWQB3M]]></COLUMN>
		<COLUMN NAME="ROOM_NM"><![CDATA[2관]]></COLUMN>
		<COLUMN NAME="TOTAL_SEAT"><![CDATA[260]]></COLUMN>
		<COLUMN NAME="REST_SEAT"><![CDATA[260]]></COLUMN>
	</ROW>
	<ROW>
		<COLUMN NAME="BRANCH_ID"><![CDATA[5GI7FHGP1AM1ZPERNUIG]]></COLUMN>
		<COLUMN NAME="ROOM_ID"><![CDATA[ITAHSZ9QUAZ8V32OFUUY]]></COLUMN>
		<COLUMN NAME="ROOM_NM"><![CDATA[3관]]></COLUMN>
		<COLUMN NAME="TOTAL_SEAT"><![CDATA[114]]></COLUMN>
		<COLUMN NAME="REST_SEAT"><![CDATA[114]]></COLUMN>
	</ROW>
	<ROW>
		<COLUMN NAME="BRANCH_ID"><![CDATA[PXGOC4X0M28DDVI7SVJ1]]></COLUMN>
		<COLUMN NAME="ROOM_ID"><![CDATA[S9O2VGFTO39NLPF77O2Y]]></COLUMN>
		<COLUMN NAME="ROOM_NM"><![CDATA[4dx]]></COLUMN>
		<COLUMN NAME="TOTAL_SEAT"><![CDATA[33]]></COLUMN>
		<COLUMN NAME="REST_SEAT"><![CDATA[33]]></COLUMN>
	</ROW>
	<ROW>
		<COLUMN NAME="BRANCH_ID"><![CDATA[5GI7FHGP1AM1ZPERNUIG]]></COLUMN>
		<COLUMN NAME="ROOM_ID"><![CDATA[1G7VWHNFB6WC8SEBBAM3]]></COLUMN>
		<COLUMN NAME="ROOM_NM"><![CDATA[5관]]></COLUMN>
		<COLUMN NAME="TOTAL_SEAT"><![CDATA[34]]></COLUMN>
		<COLUMN NAME="REST_SEAT"><![CDATA[34]]></COLUMN>
	</ROW>
</RESULTS>