<?xml version='1.0'  encoding='UTF-8' ?>
<RESULTS>
	<ROW>
		<COLUMN NAME="SCREEN_ID"><![CDATA[A6O7WMWOQLKYTCQXXOYX]]></COLUMN>
		<COLUMN NAME="ROOM_ID"><![CDATA[9T8BE7TKFW75C0Z542RA]]></COLUMN>
		<COLUMN NAME="BRANCH_ID"><![CDATA[5GI7FHGP1AM1ZPERNUIG]]></COLUMN>
		<COLUMN NAME="MOVIE_ID"><![CDATA[F49438]]></COLUMN>
		<COLUMN NAME="START_TIME"><![CDATA[19/10/29]]></COLUMN>
		<COLUMN NAME="END_TIME"><![CDATA[19/10/29]]></COLUMN>
		<COLUMN NAME="SCREEN_DT"><![CDATA[19/10/29]]></COLUMN>
		<COLUMN NAME="ADULT_COST"><![CDATA[11000]]></COLUMN>
		<COLUMN NAME="STUDENT_COST"><![CDATA[9000]]></COLUMN>
		<COLUMN NAME="EPISODE"><![CDATA[6]]></COLUMN>
	</ROW>
	<ROW>
		<COLUMN NAME="SCREEN_ID"><![CDATA[3E8RGB208Q42C6LNI486]]></COLUMN>
		<COLUMN NAME="ROOM_ID"><![CDATA[9T8BE7TKFW75C0Z542RA]]></COLUMN>
		<COLUMN NAME="BRANCH_ID"><![CDATA[5GI7FHGP1AM1ZPERNUIG]]></COLUMN>
		<COLUMN NAME="MOVIE_ID"><![CDATA[F49438]]></COLUMN>
		<COLUMN NAME="START_TIME"><![CDATA[19/10/29]]></COLUMN>
		<COLUMN NAME="END_TIME"><![CDATA[19/10/29]]></COLUMN>
		<COLUMN NAME="SCREEN_DT"><![CDATA[19/10/29]]></COLUMN>
		<COLUMN NAME="ADULT_COST"><![CDATA[11000]]></COLUMN>
		<COLUMN NAME="STUDENT_COST"><![CDATA[9000]]></COLUMN>
		<COLUMN NAME="EPISODE"><![CDATA[3]]></COLUMN>
	</ROW>
	<ROW>
		<COLUMN NAME="SCREEN_ID"><![CDATA[NIO1TJF7GHREJ7ZAKUEO]]></COLUMN>
		<COLUMN NAME="ROOM_ID"><![CDATA[9T8BE7TKFW75C0Z542RA]]></COLUMN>
		<COLUMN NAME="BRANCH_ID"><![CDATA[5GI7FHGP1AM1ZPERNUIG]]></COLUMN>
		<COLUMN NAME="MOVIE_ID"><![CDATA[F49438]]></COLUMN>
		<COLUMN NAME="START_TIME"><![CDATA[19/10/29]]></COLUMN>
		<COLUMN NAME="END_TIME"><![CDATA[19/10/29]]></COLUMN>
		<COLUMN NAME="SCREEN_DT"><![CDATA[19/10/29]]></COLUMN>
		<COLUMN NAME="ADULT_COST"><![CDATA[11000]]></COLUMN>
		<COLUMN NAME="STUDENT_COST"><![CDATA[9000]]></COLUMN>
		<COLUMN NAME="EPISODE"><![CDATA[5]]></COLUMN>
	</ROW>
	<ROW>
		<COLUMN NAME="SCREEN_ID"><![CDATA[SUFRX3DW0ZBTBXEJ4KQK]]></COLUMN>
		<COLUMN NAME="ROOM_ID"><![CDATA[9T8BE7TKFW75C0Z542RA]]></COLUMN>
		<COLUMN NAME="BRANCH_ID"><![CDATA[5GI7FHGP1AM1ZPERNUIG]]></COLUMN>
		<COLUMN NAME="MOVIE_ID"><![CDATA[F49438]]></COLUMN>
		<COLUMN NAME="START_TIME"><![CDATA[19/10/29]]></COLUMN>
		<COLUMN NAME="END_TIME"><![CDATA[19/10/30]]></COLUMN>
		<COLUMN NAME="SCREEN_DT"><![CDATA[19/10/29]]></COLUMN>
		<COLUMN NAME="ADULT_COST"><![CDATA[11000]]></COLUMN>
		<COLUMN NAME="STUDENT_COST"><![CDATA[9000]]></COLUMN>
		<COLUMN NAME="EPISODE"><![CDATA[8]]></COLUMN>
	</ROW>
	<ROW>
		<COLUMN NAME="SCREEN_ID"><![CDATA[Y81483M2OP66MKVI18QL]]></COLUMN>
		<COLUMN NAME="ROOM_ID"><![CDATA[9T8BE7TKFW75C0Z542RA]]></COLUMN>
		<COLUMN NAME="BRANCH_ID"><![CDATA[5GI7FHGP1AM1ZPERNUIG]]></COLUMN>
		<COLUMN NAME="MOVIE_ID"><![CDATA[F48336]]></COLUMN>
		<COLUMN NAME="START_TIME"><![CDATA[19/10/31]]></COLUMN>
		<COLUMN NAME="END_TIME"><![CDATA[19/10/31]]></COLUMN>
		<COLUMN NAME="SCREEN_DT"><![CDATA[19/10/31]]></COLUMN>
		<COLUMN NAME="ADULT_COST"><![CDATA[8000]]></COLUMN>
		<COLUMN NAME="STUDENT_COST"><![CDATA[5000]]></COLUMN>
		<COLUMN NAME="EPISODE"><![CDATA[7]]></COLUMN>
	</ROW>
	<ROW>
		<COLUMN NAME="SCREEN_ID"><![CDATA[69D1YD9MRM9IT71Z4MIM]]></COLUMN>
		<COLUMN NAME="ROOM_ID"><![CDATA[9T8BE7TKFW75C0Z542RA]]></COLUMN>
		<COLUMN NAME="BRANCH_ID"><![CDATA[5GI7FHGP1AM1ZPERNUIG]]></COLUMN>
		<COLUMN NAME="MOVIE_ID"><![CDATA[F48336]]></COLUMN>
		<COLUMN NAME="START_TIME"><![CDATA[19/10/30]]></COLUMN>
		<COLUMN NAME="END_TIME"><![CDATA[19/10/30]]></COLUMN>
		<COLUMN NAME="SCREEN_DT"><![CDATA[19/10/30]]></COLUMN>
		<COLUMN NAME="ADULT_COST"><![CDATA[8000]]></COLUMN>
		<COLUMN NAME="STUDENT_COST"><![CDATA[5000]]></COLUMN>
		<COLUMN NAME="EPISODE"><![CDATA[1]]></COLUMN>
	</ROW>
	<ROW>
		<COLUMN NAME="SCREEN_ID"><![CDATA[RDMAIXHCU33UTM3ED03N]]></COLUMN>
		<COLUMN NAME="ROOM_ID"><![CDATA[9T8BE7TKFW75C0Z542RA]]></COLUMN>
		<COLUMN NAME="BRANCH_ID"><![CDATA[5GI7FHGP1AM1ZPERNUIG]]></COLUMN>
		<COLUMN NAME="MOVIE_ID"><![CDATA[F48336]]></COLUMN>
		<COLUMN NAME="START_TIME"><![CDATA[19/11/05]]></COLUMN>
		<COLUMN NAME="END_TIME"><![CDATA[19/11/06]]></COLUMN>
		<COLUMN NAME="SCREEN_DT"><![CDATA[19/11/05]]></COLUMN>
		<COLUMN NAME="ADULT_COST"><![CDATA[8000]]></COLUMN>
		<COLUMN NAME="STUDENT_COST"><![CDATA[5000]]></COLUMN>
		<COLUMN NAME="EPISODE"><![CDATA[1]]></COLUMN>
	</ROW>
	<ROW>
		<COLUMN NAME="SCREEN_ID"><![CDATA[VAC6FDINMBUGNN4F0VJI]]></COLUMN>
		<COLUMN NAME="ROOM_ID"><![CDATA[9T8BE7TKFW75C0Z542RA]]></COLUMN>
		<COLUMN NAME="BRANCH_ID"><![CDATA[5GI7FHGP1AM1ZPERNUIG]]></COLUMN>
		<COLUMN NAME="MOVIE_ID"><![CDATA[F48335]]></COLUMN>
		<COLUMN NAME="START_TIME"><![CDATA[19/10/31]]></COLUMN>
		<COLUMN NAME="END_TIME"><![CDATA[19/10/31]]></COLUMN>
		<COLUMN NAME="SCREEN_DT"><![CDATA[19/10/31]]></COLUMN>
		<COLUMN NAME="ADULT_COST"><![CDATA[11000]]></COLUMN>
		<COLUMN NAME="STUDENT_COST"><![CDATA[9000]]></COLUMN>
		<COLUMN NAME="EPISODE"><![CDATA[2]]></COLUMN>
	</ROW>
	<ROW>
		<COLUMN NAME="SCREEN_ID"><![CDATA[FT5EDR0JZJ0VI1KVGIAK]]></COLUMN>
		<COLUMN NAME="ROOM_ID"><![CDATA[9T8BE7TKFW75C0Z542RA]]></COLUMN>
		<COLUMN NAME="BRANCH_ID"><![CDATA[5GI7FHGP1AM1ZPERNUIG]]></COLUMN>
		<COLUMN NAME="MOVIE_ID"><![CDATA[F48335]]></COLUMN>
		<COLUMN NAME="START_TIME"><![CDATA[19/10/31]]></COLUMN>
		<COLUMN NAME="END_TIME"><![CDATA[19/10/31]]></COLUMN>
		<COLUMN NAME="SCREEN_DT"><![CDATA[19/10/31]]></COLUMN>
		<COLUMN NAME="ADULT_COST"><![CDATA[11000]]></COLUMN>
		<COLUMN NAME="STUDENT_COST"><![CDATA[9000]]></COLUMN>
		<COLUMN NAME="EPISODE"><![CDATA[4]]></COLUMN>
	</ROW>
	<ROW>
		<COLUMN NAME="SCREEN_ID"><![CDATA[D19FY9WMTZ7D1D992CPF]]></COLUMN>
		<COLUMN NAME="ROOM_ID"><![CDATA[9T8BE7TKFW75C0Z542RA]]></COLUMN>
		<COLUMN NAME="BRANCH_ID"><![CDATA[5GI7FHGP1AM1ZPERNUIG]]></COLUMN>
		<COLUMN NAME="MOVIE_ID"><![CDATA[F48335]]></COLUMN>
		<COLUMN NAME="START_TIME"><![CDATA[19/10/31]]></COLUMN>
		<COLUMN NAME="END_TIME"><![CDATA[19/10/31]]></COLUMN>
		<COLUMN NAME="SCREEN_DT"><![CDATA[19/10/31]]></COLUMN>
		<COLUMN NAME="ADULT_COST"><![CDATA[11000]]></COLUMN>
		<COLUMN NAME="STUDENT_COST"><![CDATA[9000]]></COLUMN>
		<COLUMN NAME="EPISODE"><![CDATA[6]]></COLUMN>
	</ROW>
	<ROW>
		<COLUMN NAME="SCREEN_ID"><![CDATA[XJJ5CFC45FZEXTXD3207]]></COLUMN>
		<COLUMN NAME="ROOM_ID"><![CDATA[ZHLQ3WQBXG9UKQQWQB3M]]></COLUMN>
		<COLUMN NAME="BRANCH_ID"><![CDATA[5GI7FHGP1AM1ZPERNUIG]]></COLUMN>
		<COLUMN NAME="MOVIE_ID"><![CDATA[F48335]]></COLUMN>
		<COLUMN NAME="START_TIME"><![CDATA[19/10/29]]></COLUMN>
		<COLUMN NAME="END_TIME"><![CDATA[19/10/29]]></COLUMN>
		<COLUMN NAME="SCREEN_DT"><![CDATA[19/10/29]]></COLUMN>
		<COLUMN NAME="ADULT_COST"><![CDATA[11000]]></COLUMN>
		<COLUMN NAME="STUDENT_COST"><![CDATA[9000]]></COLUMN>
		<COLUMN NAME="EPISODE"><![CDATA[2]]></COLUMN>
	</ROW>
	<ROW>
		<COLUMN NAME="SCREEN_ID"><![CDATA[R7W1XA4LDABE1TQQHLJ4]]></COLUMN>
		<COLUMN NAME="ROOM_ID"><![CDATA[ZHLQ3WQBXG9UKQQWQB3M]]></COLUMN>
		<COLUMN NAME="BRANCH_ID"><![CDATA[5GI7FHGP1AM1ZPERNUIG]]></COLUMN>
		<COLUMN NAME="MOVIE_ID"><![CDATA[F48335]]></COLUMN>
		<COLUMN NAME="START_TIME"><![CDATA[19/10/29]]></COLUMN>
		<COLUMN NAME="END_TIME"><![CDATA[19/10/29]]></COLUMN>
		<COLUMN NAME="SCREEN_DT"><![CDATA[19/10/29]]></COLUMN>
		<COLUMN NAME="ADULT_COST"><![CDATA[11000]]></COLUMN>
		<COLUMN NAME="STUDENT_COST"><![CDATA[9000]]></COLUMN>
		<COLUMN NAME="EPISODE"><![CDATA[4]]></COLUMN>
	</ROW>
	<ROW>
		<COLUMN NAME="SCREEN_ID"><![CDATA[PW0QS5Q5F9GTJLGUTOQQ]]></COLUMN>
		<COLUMN NAME="ROOM_ID"><![CDATA[ZHLQ3WQBXG9UKQQWQB3M]]></COLUMN>
		<COLUMN NAME="BRANCH_ID"><![CDATA[5GI7FHGP1AM1ZPERNUIG]]></COLUMN>
		<COLUMN NAME="MOVIE_ID"><![CDATA[F48335]]></COLUMN>
		<COLUMN NAME="START_TIME"><![CDATA[19/10/29]]></COLUMN>
		<COLUMN NAME="END_TIME"><![CDATA[19/10/29]]></COLUMN>
		<COLUMN NAME="SCREEN_DT"><![CDATA[19/10/29]]></COLUMN>
		<COLUMN NAME="ADULT_COST"><![CDATA[11000]]></COLUMN>
		<COLUMN NAME="STUDENT_COST"><![CDATA[9000]]></COLUMN>
		<COLUMN NAME="EPISODE"><![CDATA[6]]></COLUMN>
	</ROW>
	<ROW>
		<COLUMN NAME="SCREEN_ID"><![CDATA[PNI79P4EEHITZ1YKCN6C]]></COLUMN>
		<COLUMN NAME="ROOM_ID"><![CDATA[ZHLQ3WQBXG9UKQQWQB3M]]></COLUMN>
		<COLUMN NAME="BRANCH_ID"><![CDATA[5GI7FHGP1AM1ZPERNUIG]]></COLUMN>
		<COLUMN NAME="MOVIE_ID"><![CDATA[F49438]]></COLUMN>
		<COLUMN NAME="START_TIME"><![CDATA[19/10/30]]></COLUMN>
		<COLUMN NAME="END_TIME"><![CDATA[19/10/30]]></COLUMN>
		<COLUMN NAME="SCREEN_DT"><![CDATA[19/10/30]]></COLUMN>
		<COLUMN NAME="ADULT_COST"><![CDATA[11000]]></COLUMN>
		<COLUMN NAME="STUDENT_COST"><![CDATA[9000]]></COLUMN>
		<COLUMN NAME="EPISODE"><![CDATA[1]]></COLUMN>
	</ROW>
	<ROW>
		<COLUMN NAME="SCREEN_ID"><![CDATA[JLEXWR9VIHG692CZM457]]></COLUMN>
		<COLUMN NAME="ROOM_ID"><![CDATA[ZHLQ3WQBXG9UKQQWQB3M]]></COLUMN>
		<COLUMN NAME="BRANCH_ID"><![CDATA[5GI7FHGP1AM1ZPERNUIG]]></COLUMN>
		<COLUMN NAME="MOVIE_ID"><![CDATA[F49438]]></COLUMN>
		<COLUMN NAME="START_TIME"><![CDATA[19/10/30]]></COLUMN>
		<COLUMN NAME="END_TIME"><![CDATA[19/10/30]]></COLUMN>
		<COLUMN NAME="SCREEN_DT"><![CDATA[19/10/30]]></COLUMN>
		<COLUMN NAME="ADULT_COST"><![CDATA[11000]]></COLUMN>
		<COLUMN NAME="STUDENT_COST"><![CDATA[9000]]></COLUMN>
		<COLUMN NAME="EPISODE"><![CDATA[3]]></COLUMN>
	</ROW>
	<ROW>
		<COLUMN NAME="SCREEN_ID"><![CDATA[M9ZEBFDV9M7D95NLER3R]]></COLUMN>
		<COLUMN NAME="ROOM_ID"><![CDATA[ZHLQ3WQBXG9UKQQWQB3M]]></COLUMN>
		<COLUMN NAME="BRANCH_ID"><![CDATA[5GI7FHGP1AM1ZPERNUIG]]></COLUMN>
		<COLUMN NAME="MOVIE_ID"><![CDATA[F49438]]></COLUMN>
		<COLUMN NAME="START_TIME"><![CDATA[19/10/30]]></COLUMN>
		<COLUMN NAME="END_TIME"><![CDATA[19/10/30]]></COLUMN>
		<COLUMN NAME="SCREEN_DT"><![CDATA[19/10/30]]></COLUMN>
		<COLUMN NAME="ADULT_COST"><![CDATA[11000]]></COLUMN>
		<COLUMN NAME="STUDENT_COST"><![CDATA[9000]]></COLUMN>
		<COLUMN NAME="EPISODE"><![CDATA[6]]></COLUMN>
	</ROW>
	<ROW>
		<COLUMN NAME="SCREEN_ID"><![CDATA[INIXMS49UOVBACBMG1JK]]></COLUMN>
		<COLUMN NAME="ROOM_ID"><![CDATA[7KLNKUSL63RZW5RU1ST5]]></COLUMN>
		<COLUMN NAME="BRANCH_ID"><![CDATA[PXGOC4X0M28DDVI7SVJ1]]></COLUMN>
		<COLUMN NAME="MOVIE_ID"><![CDATA[F49438]]></COLUMN>
		<COLUMN NAME="START_TIME"><![CDATA[19/10/29]]></COLUMN>
		<COLUMN NAME="END_TIME"><![CDATA[19/10/29]]></COLUMN>
		<COLUMN NAME="SCREEN_DT"><![CDATA[19/10/29]]></COLUMN>
		<COLUMN NAME="ADULT_COST"><![CDATA[1]]></COLUMN>
		<COLUMN NAME="STUDENT_COST"><![CDATA[1]]></COLUMN>
		<COLUMN NAME="EPISODE"><![CDATA[2]]></COLUMN>
	</ROW>
	<ROW>
		<COLUMN NAME="SCREEN_ID"><![CDATA[2DT7IKG8SQSZGVNI0R3D]]></COLUMN>
		<COLUMN NAME="ROOM_ID"><![CDATA[ZHLQ3WQBXG9UKQQWQB3M]]></COLUMN>
		<COLUMN NAME="BRANCH_ID"><![CDATA[5GI7FHGP1AM1ZPERNUIG]]></COLUMN>
		<COLUMN NAME="MOVIE_ID"><![CDATA[F46434]]></COLUMN>
		<COLUMN NAME="START_TIME"><![CDATA[19/10/31]]></COLUMN>
		<COLUMN NAME="END_TIME"><![CDATA[19/10/31]]></COLUMN>
		<COLUMN NAME="SCREEN_DT"><![CDATA[19/10/31]]></COLUMN>
		<COLUMN NAME="ADULT_COST"><![CDATA[11000]]></COLUMN>
		<COLUMN NAME="STUDENT_COST"><![CDATA[9000]]></COLUMN>
		<COLUMN NAME="EPISODE"><![CDATA[3]]></COLUMN>
	</ROW>
	<ROW>
		<COLUMN NAME="SCREEN_ID"><![CDATA[8MKKKIAP1Y8DHIZFQPK6]]></COLUMN>
		<COLUMN NAME="ROOM_ID"><![CDATA[ITAHSZ9QUAZ8V32OFUUY]]></COLUMN>
		<COLUMN NAME="BRANCH_ID"><![CDATA[5GI7FHGP1AM1ZPERNUIG]]></COLUMN>
		<COLUMN NAME="MOVIE_ID"><![CDATA[F46434]]></COLUMN>
		<COLUMN NAME="START_TIME"><![CDATA[19/10/29]]></COLUMN>
		<COLUMN NAME="END_TIME"><![CDATA[19/10/29]]></COLUMN>
		<COLUMN NAME="SCREEN_DT"><![CDATA[19/10/29]]></COLUMN>
		<COLUMN NAME="ADULT_COST"><![CDATA[11000]]></COLUMN>
		<COLUMN NAME="STUDENT_COST"><![CDATA[9000]]></COLUMN>
		<COLUMN NAME="EPISODE"><![CDATA[1]]></COLUMN>
	</ROW>
	<ROW>
		<COLUMN NAME="SCREEN_ID"><![CDATA[DXT9AE6ISHCMLGDQMB91]]></COLUMN>
		<COLUMN NAME="ROOM_ID"><![CDATA[ZHLQ3WQBXG9UKQQWQB3M]]></COLUMN>
		<COLUMN NAME="BRANCH_ID"><![CDATA[5GI7FHGP1AM1ZPERNUIG]]></COLUMN>
		<COLUMN NAME="MOVIE_ID"><![CDATA[F46434]]></COLUMN>
		<COLUMN NAME="START_TIME"><![CDATA[19/10/31]]></COLUMN>
		<COLUMN NAME="END_TIME"><![CDATA[19/10/31]]></COLUMN>
		<COLUMN NAME="SCREEN_DT"><![CDATA[19/10/31]]></COLUMN>
		<COLUMN NAME="ADULT_COST"><![CDATA[11000]]></COLUMN>
		<COLUMN NAME="STUDENT_COST"><![CDATA[9000]]></COLUMN>
		<COLUMN NAME="EPISODE"><![CDATA[1]]></COLUMN>
	</ROW>
	<ROW>
		<COLUMN NAME="SCREEN_ID"><![CDATA[ZMBNEM33T8GT2EEWI9H2]]></COLUMN>
		<COLUMN NAME="ROOM_ID"><![CDATA[ZHLQ3WQBXG9UKQQWQB3M]]></COLUMN>
		<COLUMN NAME="BRANCH_ID"><![CDATA[5GI7FHGP1AM1ZPERNUIG]]></COLUMN>
		<COLUMN NAME="MOVIE_ID"><![CDATA[F46434]]></COLUMN>
		<COLUMN NAME="START_TIME"><![CDATA[19/10/31]]></COLUMN>
		<COLUMN NAME="END_TIME"><![CDATA[19/10/31]]></COLUMN>
		<COLUMN NAME="SCREEN_DT"><![CDATA[19/10/31]]></COLUMN>
		<COLUMN NAME="ADULT_COST"><![CDATA[11000]]></COLUMN>
		<COLUMN NAME="STUDENT_COST"><![CDATA[9000]]></COLUMN>
		<COLUMN NAME="EPISODE"><![CDATA[5]]></COLUMN>
	</ROW>
	<ROW>
		<COLUMN NAME="SCREEN_ID"><![CDATA[4ZI8C04M7H3MXLOG0WBB]]></COLUMN>
		<COLUMN NAME="ROOM_ID"><![CDATA[ZHLQ3WQBXG9UKQQWQB3M]]></COLUMN>
		<COLUMN NAME="BRANCH_ID"><![CDATA[5GI7FHGP1AM1ZPERNUIG]]></COLUMN>
		<COLUMN NAME="MOVIE_ID"><![CDATA[F46434]]></COLUMN>
		<COLUMN NAME="START_TIME"><![CDATA[19/10/31]]></COLUMN>
		<COLUMN NAME="END_TIME"><![CDATA[19/10/31]]></COLUMN>
		<COLUMN NAME="SCREEN_DT"><![CDATA[19/10/31]]></COLUMN>
		<COLUMN NAME="ADULT_COST"><![CDATA[11000]]></COLUMN>
		<COLUMN NAME="STUDENT_COST"><![CDATA[9000]]></COLUMN>
		<COLUMN NAME="EPISODE"><![CDATA[7]]></COLUMN>
	</ROW>
	<ROW>
		<COLUMN NAME="SCREEN_ID"><![CDATA[CNG9L46PRU492AQ8B5JX]]></COLUMN>
		<COLUMN NAME="ROOM_ID"><![CDATA[ITAHSZ9QUAZ8V32OFUUY]]></COLUMN>
		<COLUMN NAME="BRANCH_ID"><![CDATA[5GI7FHGP1AM1ZPERNUIG]]></COLUMN>
		<COLUMN NAME="MOVIE_ID"><![CDATA[F46434]]></COLUMN>
		<COLUMN NAME="START_TIME"><![CDATA[19/10/29]]></COLUMN>
		<COLUMN NAME="END_TIME"><![CDATA[19/10/29]]></COLUMN>
		<COLUMN NAME="SCREEN_DT"><![CDATA[19/10/29]]></COLUMN>
		<COLUMN NAME="ADULT_COST"><![CDATA[11000]]></COLUMN>
		<COLUMN NAME="STUDENT_COST"><![CDATA[9000]]></COLUMN>
		<COLUMN NAME="EPISODE"><![CDATA[2]]></COLUMN>
	</ROW>
	<ROW>
		<COLUMN NAME="SCREEN_ID"><![CDATA[86E7H6PRX3PYL1X14213]]></COLUMN>
		<COLUMN NAME="ROOM_ID"><![CDATA[ITAHSZ9QUAZ8V32OFUUY]]></COLUMN>
		<COLUMN NAME="BRANCH_ID"><![CDATA[5GI7FHGP1AM1ZPERNUIG]]></COLUMN>
		<COLUMN NAME="MOVIE_ID"><![CDATA[F46434]]></COLUMN>
		<COLUMN NAME="START_TIME"><![CDATA[19/10/29]]></COLUMN>
		<COLUMN NAME="END_TIME"><![CDATA[19/10/29]]></COLUMN>
		<COLUMN NAME="SCREEN_DT"><![CDATA[19/10/29]]></COLUMN>
		<COLUMN NAME="ADULT_COST"><![CDATA[11000]]></COLUMN>
		<COLUMN NAME="STUDENT_COST"><![CDATA[9000]]></COLUMN>
		<COLUMN NAME="EPISODE"><![CDATA[4]]></COLUMN>
	</ROW>
	<ROW>
		<COLUMN NAME="SCREEN_ID"><![CDATA[N1AXEX49AOIDW0TTT60I]]></COLUMN>
		<COLUMN NAME="ROOM_ID"><![CDATA[ITAHSZ9QUAZ8V32OFUUY]]></COLUMN>
		<COLUMN NAME="BRANCH_ID"><![CDATA[5GI7FHGP1AM1ZPERNUIG]]></COLUMN>
		<COLUMN NAME="MOVIE_ID"><![CDATA[F46434]]></COLUMN>
		<COLUMN NAME="START_TIME"><![CDATA[19/10/29]]></COLUMN>
		<COLUMN NAME="END_TIME"><![CDATA[19/10/29]]></COLUMN>
		<COLUMN NAME="SCREEN_DT"><![CDATA[19/10/29]]></COLUMN>
		<COLUMN NAME="ADULT_COST"><![CDATA[11000]]></COLUMN>
		<COLUMN NAME="STUDENT_COST"><![CDATA[9000]]></COLUMN>
		<COLUMN NAME="EPISODE"><![CDATA[6]]></COLUMN>
	</ROW>
	<ROW>
		<COLUMN NAME="SCREEN_ID"><![CDATA[7WOCW2B7DRBZ6TUN4IGR]]></COLUMN>
		<COLUMN NAME="ROOM_ID"><![CDATA[ZGY13KBN1SDIA3LRKQIF]]></COLUMN>
		<COLUMN NAME="BRANCH_ID"><![CDATA[PXGOC4X0M28DDVI7SVJ1]]></COLUMN>
		<COLUMN NAME="MOVIE_ID"><![CDATA[F48432]]></COLUMN>
		<COLUMN NAME="START_TIME"><![CDATA[19/10/29]]></COLUMN>
		<COLUMN NAME="END_TIME"><![CDATA[19/10/29]]></COLUMN>
		<COLUMN NAME="SCREEN_DT"><![CDATA[19/10/29]]></COLUMN>
		<COLUMN NAME="ADULT_COST"><![CDATA[9000]]></COLUMN>
		<COLUMN NAME="STUDENT_COST"><![CDATA[6000]]></COLUMN>
		<COLUMN NAME="EPISODE"><![CDATA[1]]></COLUMN>
	</ROW>
	<ROW>
		<COLUMN NAME="SCREEN_ID"><![CDATA[V74T3ISF8YKBYPGK3L4S]]></COLUMN>
		<COLUMN NAME="ROOM_ID"><![CDATA[ZGY13KBN1SDIA3LRKQIF]]></COLUMN>
		<COLUMN NAME="BRANCH_ID"><![CDATA[PXGOC4X0M28DDVI7SVJ1]]></COLUMN>
		<COLUMN NAME="MOVIE_ID"><![CDATA[F48432]]></COLUMN>
		<COLUMN NAME="START_TIME"><![CDATA[19/10/29]]></COLUMN>
		<COLUMN NAME="END_TIME"><![CDATA[19/10/29]]></COLUMN>
		<COLUMN NAME="SCREEN_DT"><![CDATA[19/10/29]]></COLUMN>
		<COLUMN NAME="ADULT_COST"><![CDATA[11000]]></COLUMN>
		<COLUMN NAME="STUDENT_COST"><![CDATA[9000]]></COLUMN>
		<COLUMN NAME="EPISODE"><![CDATA[3]]></COLUMN>
	</ROW>
	<ROW>
		<COLUMN NAME="SCREEN_ID"><![CDATA[PF8GIC10IALPE5CAEGS4]]></COLUMN>
		<COLUMN NAME="ROOM_ID"><![CDATA[ZGY13KBN1SDIA3LRKQIF]]></COLUMN>
		<COLUMN NAME="BRANCH_ID"><![CDATA[PXGOC4X0M28DDVI7SVJ1]]></COLUMN>
		<COLUMN NAME="MOVIE_ID"><![CDATA[F49259]]></COLUMN>
		<COLUMN NAME="START_TIME"><![CDATA[19/10/29]]></COLUMN>
		<COLUMN NAME="END_TIME"><![CDATA[19/10/29]]></COLUMN>
		<COLUMN NAME="SCREEN_DT"><![CDATA[19/10/29]]></COLUMN>
		<COLUMN NAME="ADULT_COST"><![CDATA[11000]]></COLUMN>
		<COLUMN NAME="STUDENT_COST"><![CDATA[9000]]></COLUMN>
		<COLUMN NAME="EPISODE"><![CDATA[4]]></COLUMN>
	</ROW>
	<ROW>
		<COLUMN NAME="SCREEN_ID"><![CDATA[0VICHRJ9FYFUYP8DK5UL]]></COLUMN>
		<COLUMN NAME="ROOM_ID"><![CDATA[ZGY13KBN1SDIA3LRKQIF]]></COLUMN>
		<COLUMN NAME="BRANCH_ID"><![CDATA[PXGOC4X0M28DDVI7SVJ1]]></COLUMN>
		<COLUMN NAME="MOVIE_ID"><![CDATA[F49259]]></COLUMN>
		<COLUMN NAME="START_TIME"><![CDATA[19/10/29]]></COLUMN>
		<COLUMN NAME="END_TIME"><![CDATA[19/10/29]]></COLUMN>
		<COLUMN NAME="SCREEN_DT"><![CDATA[19/10/29]]></COLUMN>
		<COLUMN NAME="ADULT_COST"><![CDATA[11000]]></COLUMN>
		<COLUMN NAME="STUDENT_COST"><![CDATA[9000]]></COLUMN>
		<COLUMN NAME="EPISODE"><![CDATA[6]]></COLUMN>
	</ROW>
	<ROW>
		<COLUMN NAME="SCREEN_ID"><![CDATA[SD4M3WMD68O3HN477SQY]]></COLUMN>
		<COLUMN NAME="ROOM_ID"><![CDATA[ZGY13KBN1SDIA3LRKQIF]]></COLUMN>
		<COLUMN NAME="BRANCH_ID"><![CDATA[PXGOC4X0M28DDVI7SVJ1]]></COLUMN>
		<COLUMN NAME="MOVIE_ID"><![CDATA[F48999]]></COLUMN>
		<COLUMN NAME="START_TIME"><![CDATA[19/10/29]]></COLUMN>
		<COLUMN NAME="END_TIME"><![CDATA[19/10/29]]></COLUMN>
		<COLUMN NAME="SCREEN_DT"><![CDATA[19/10/29]]></COLUMN>
		<COLUMN NAME="ADULT_COST"><![CDATA[11000]]></COLUMN>
		<COLUMN NAME="STUDENT_COST"><![CDATA[9000]]></COLUMN>
		<COLUMN NAME="EPISODE"><![CDATA[7]]></COLUMN>
	</ROW>
	<ROW>
		<COLUMN NAME="SCREEN_ID"><![CDATA[BGUGZT3YB7W7UWQ3S4QO]]></COLUMN>
		<COLUMN NAME="ROOM_ID"><![CDATA[ZGY13KBN1SDIA3LRKQIF]]></COLUMN>
		<COLUMN NAME="BRANCH_ID"><![CDATA[PXGOC4X0M28DDVI7SVJ1]]></COLUMN>
		<COLUMN NAME="MOVIE_ID"><![CDATA[K17732]]></COLUMN>
		<COLUMN NAME="START_TIME"><![CDATA[19/10/30]]></COLUMN>
		<COLUMN NAME="END_TIME"><![CDATA[19/10/30]]></COLUMN>
		<COLUMN NAME="SCREEN_DT"><![CDATA[19/10/30]]></COLUMN>
		<COLUMN NAME="ADULT_COST"><![CDATA[11000]]></COLUMN>
		<COLUMN NAME="STUDENT_COST"><![CDATA[9000]]></COLUMN>
		<COLUMN NAME="EPISODE"><![CDATA[1]]></COLUMN>
	</ROW>
	<ROW>
		<COLUMN NAME="SCREEN_ID"><![CDATA[Z7DXLK15HYCVMP2S67KE]]></COLUMN>
		<COLUMN NAME="ROOM_ID"><![CDATA[ZGY13KBN1SDIA3LRKQIF]]></COLUMN>
		<COLUMN NAME="BRANCH_ID"><![CDATA[PXGOC4X0M28DDVI7SVJ1]]></COLUMN>
		<COLUMN NAME="MOVIE_ID"><![CDATA[A09109]]></COLUMN>
		<COLUMN NAME="START_TIME"><![CDATA[19/10/30]]></COLUMN>
		<COLUMN NAME="END_TIME"><![CDATA[19/10/30]]></COLUMN>
		<COLUMN NAME="SCREEN_DT"><![CDATA[19/10/30]]></COLUMN>
		<COLUMN NAME="ADULT_COST"><![CDATA[11000]]></COLUMN>
		<COLUMN NAME="STUDENT_COST"><![CDATA[9000]]></COLUMN>
		<COLUMN NAME="EPISODE"><![CDATA[3]]></COLUMN>
	</ROW>
	<ROW>
		<COLUMN NAME="SCREEN_ID"><![CDATA[3IL04F7ARUW6Z3VX0WMH]]></COLUMN>
		<COLUMN NAME="ROOM_ID"><![CDATA[ZGY13KBN1SDIA3LRKQIF]]></COLUMN>
		<COLUMN NAME="BRANCH_ID"><![CDATA[PXGOC4X0M28DDVI7SVJ1]]></COLUMN>
		<COLUMN NAME="MOVIE_ID"><![CDATA[F48009]]></COLUMN>
		<COLUMN NAME="START_TIME"><![CDATA[19/10/30]]></COLUMN>
		<COLUMN NAME="END_TIME"><![CDATA[19/10/30]]></COLUMN>
		<COLUMN NAME="SCREEN_DT"><![CDATA[19/10/30]]></COLUMN>
		<COLUMN NAME="ADULT_COST"><![CDATA[11000]]></COLUMN>
		<COLUMN NAME="STUDENT_COST"><![CDATA[9000]]></COLUMN>
		<COLUMN NAME="EPISODE"><![CDATA[6]]></COLUMN>
	</ROW>
	<ROW>
		<COLUMN NAME="SCREEN_ID"><![CDATA[RFUXWY004BIWMBP4MK7D]]></COLUMN>
		<COLUMN NAME="ROOM_ID"><![CDATA[ZGY13KBN1SDIA3LRKQIF]]></COLUMN>
		<COLUMN NAME="BRANCH_ID"><![CDATA[PXGOC4X0M28DDVI7SVJ1]]></COLUMN>
		<COLUMN NAME="MOVIE_ID"><![CDATA[F48009]]></COLUMN>
		<COLUMN NAME="START_TIME"><![CDATA[19/10/30]]></COLUMN>
		<COLUMN NAME="END_TIME"><![CDATA[19/10/31]]></COLUMN>
		<COLUMN NAME="SCREEN_DT"><![CDATA[19/10/30]]></COLUMN>
		<COLUMN NAME="ADULT_COST"><![CDATA[11000]]></COLUMN>
		<COLUMN NAME="STUDENT_COST"><![CDATA[9000]]></COLUMN>
		<COLUMN NAME="EPISODE"><![CDATA[8]]></COLUMN>
	</ROW>
	<ROW>
		<COLUMN NAME="SCREEN_ID"><![CDATA[EXCH27TNMOAYMFC0HL18]]></COLUMN>
		<COLUMN NAME="ROOM_ID"><![CDATA[ZGY13KBN1SDIA3LRKQIF]]></COLUMN>
		<COLUMN NAME="BRANCH_ID"><![CDATA[PXGOC4X0M28DDVI7SVJ1]]></COLUMN>
		<COLUMN NAME="MOVIE_ID"><![CDATA[F48432]]></COLUMN>
		<COLUMN NAME="START_TIME"><![CDATA[19/10/31]]></COLUMN>
		<COLUMN NAME="END_TIME"><![CDATA[19/10/31]]></COLUMN>
		<COLUMN NAME="SCREEN_DT"><![CDATA[19/10/31]]></COLUMN>
		<COLUMN NAME="ADULT_COST"><![CDATA[11000]]></COLUMN>
		<COLUMN NAME="STUDENT_COST"><![CDATA[9000]]></COLUMN>
		<COLUMN NAME="EPISODE"><![CDATA[2]]></COLUMN>
	</ROW>
	<ROW>
		<COLUMN NAME="SCREEN_ID"><![CDATA[L6Y5WA4HPHZ1Y5NX6LE6]]></COLUMN>
		<COLUMN NAME="ROOM_ID"><![CDATA[ZGY13KBN1SDIA3LRKQIF]]></COLUMN>
		<COLUMN NAME="BRANCH_ID"><![CDATA[PXGOC4X0M28DDVI7SVJ1]]></COLUMN>
		<COLUMN NAME="MOVIE_ID"><![CDATA[K20477]]></COLUMN>
		<COLUMN NAME="START_TIME"><![CDATA[19/10/31]]></COLUMN>
		<COLUMN NAME="END_TIME"><![CDATA[19/10/31]]></COLUMN>
		<COLUMN NAME="SCREEN_DT"><![CDATA[19/10/31]]></COLUMN>
		<COLUMN NAME="ADULT_COST"><![CDATA[11000]]></COLUMN>
		<COLUMN NAME="STUDENT_COST"><![CDATA[9000]]></COLUMN>
		<COLUMN NAME="EPISODE"><![CDATA[5]]></COLUMN>
	</ROW>
	<ROW>
		<COLUMN NAME="SCREEN_ID"><![CDATA[6UOD8VWF7BDON3HTENDE]]></COLUMN>
		<COLUMN NAME="ROOM_ID"><![CDATA[ZGY13KBN1SDIA3LRKQIF]]></COLUMN>
		<COLUMN NAME="BRANCH_ID"><![CDATA[PXGOC4X0M28DDVI7SVJ1]]></COLUMN>
		<COLUMN NAME="MOVIE_ID"><![CDATA[F48336]]></COLUMN>
		<COLUMN NAME="START_TIME"><![CDATA[19/10/31]]></COLUMN>
		<COLUMN NAME="END_TIME"><![CDATA[19/10/31]]></COLUMN>
		<COLUMN NAME="SCREEN_DT"><![CDATA[19/10/31]]></COLUMN>
		<COLUMN NAME="ADULT_COST"><![CDATA[11000]]></COLUMN>
		<COLUMN NAME="STUDENT_COST"><![CDATA[9000]]></COLUMN>
		<COLUMN NAME="EPISODE"><![CDATA[7]]></COLUMN>
	</ROW>
	<ROW>
		<COLUMN NAME="SCREEN_ID"><![CDATA[TCAMWUM2RU15C0KT2VL4]]></COLUMN>
		<COLUMN NAME="ROOM_ID"><![CDATA[IIII6N3Q7E6YPBJ81TVH]]></COLUMN>
		<COLUMN NAME="BRANCH_ID"><![CDATA[PXGOC4X0M28DDVI7SVJ1]]></COLUMN>
		<COLUMN NAME="MOVIE_ID"><![CDATA[F48214]]></COLUMN>
		<COLUMN NAME="START_TIME"><![CDATA[19/10/31]]></COLUMN>
		<COLUMN NAME="END_TIME"><![CDATA[19/10/31]]></COLUMN>
		<COLUMN NAME="SCREEN_DT"><![CDATA[19/10/31]]></COLUMN>
		<COLUMN NAME="ADULT_COST"><![CDATA[11000]]></COLUMN>
		<COLUMN NAME="STUDENT_COST"><![CDATA[9000]]></COLUMN>
		<COLUMN NAME="EPISODE"><![CDATA[1]]></COLUMN>
	</ROW>
	<ROW>
		<COLUMN NAME="SCREEN_ID"><![CDATA[MH5CLGVCT1CZYOS2PAFZ]]></COLUMN>
		<COLUMN NAME="ROOM_ID"><![CDATA[IIII6N3Q7E6YPBJ81TVH]]></COLUMN>
		<COLUMN NAME="BRANCH_ID"><![CDATA[PXGOC4X0M28DDVI7SVJ1]]></COLUMN>
		<COLUMN NAME="MOVIE_ID"><![CDATA[F48214]]></COLUMN>
		<COLUMN NAME="START_TIME"><![CDATA[19/10/31]]></COLUMN>
		<COLUMN NAME="END_TIME"><![CDATA[19/10/31]]></COLUMN>
		<COLUMN NAME="SCREEN_DT"><![CDATA[19/10/31]]></COLUMN>
		<COLUMN NAME="ADULT_COST"><![CDATA[11000]]></COLUMN>
		<COLUMN NAME="STUDENT_COST"><![CDATA[9000]]></COLUMN>
		<COLUMN NAME="EPISODE"><![CDATA[3]]></COLUMN>
	</ROW>
	<ROW>
		<COLUMN NAME="SCREEN_ID"><![CDATA[QYKJCXHPZ2Y05JRET5ZQ]]></COLUMN>
		<COLUMN NAME="ROOM_ID"><![CDATA[IIII6N3Q7E6YPBJ81TVH]]></COLUMN>
		<COLUMN NAME="BRANCH_ID"><![CDATA[PXGOC4X0M28DDVI7SVJ1]]></COLUMN>
		<COLUMN NAME="MOVIE_ID"><![CDATA[K21060]]></COLUMN>
		<COLUMN NAME="START_TIME"><![CDATA[19/10/31]]></COLUMN>
		<COLUMN NAME="END_TIME"><![CDATA[19/10/31]]></COLUMN>
		<COLUMN NAME="SCREEN_DT"><![CDATA[19/10/31]]></COLUMN>
		<COLUMN NAME="ADULT_COST"><![CDATA[11000]]></COLUMN>
		<COLUMN NAME="STUDENT_COST"><![CDATA[9000]]></COLUMN>
		<COLUMN NAME="EPISODE"><![CDATA[5]]></COLUMN>
	</ROW>
	<ROW>
		<COLUMN NAME="SCREEN_ID"><![CDATA[WZ1QJU71BZTTT5OYEN2K]]></COLUMN>
		<COLUMN NAME="ROOM_ID"><![CDATA[IIII6N3Q7E6YPBJ81TVH]]></COLUMN>
		<COLUMN NAME="BRANCH_ID"><![CDATA[PXGOC4X0M28DDVI7SVJ1]]></COLUMN>
		<COLUMN NAME="MOVIE_ID"><![CDATA[F49504]]></COLUMN>
		<COLUMN NAME="START_TIME"><![CDATA[19/10/29]]></COLUMN>
		<COLUMN NAME="END_TIME"><![CDATA[19/10/29]]></COLUMN>
		<COLUMN NAME="SCREEN_DT"><![CDATA[19/10/29]]></COLUMN>
		<COLUMN NAME="ADULT_COST"><![CDATA[11000]]></COLUMN>
		<COLUMN NAME="STUDENT_COST"><![CDATA[9000]]></COLUMN>
		<COLUMN NAME="EPISODE"><![CDATA[1]]></COLUMN>
	</ROW>
	<ROW>
		<COLUMN NAME="SCREEN_ID"><![CDATA[JTDYK4ESURTLAHP9SSLO]]></COLUMN>
		<COLUMN NAME="ROOM_ID"><![CDATA[IIII6N3Q7E6YPBJ81TVH]]></COLUMN>
		<COLUMN NAME="BRANCH_ID"><![CDATA[PXGOC4X0M28DDVI7SVJ1]]></COLUMN>
		<COLUMN NAME="MOVIE_ID"><![CDATA[F49504]]></COLUMN>
		<COLUMN NAME="START_TIME"><![CDATA[19/10/29]]></COLUMN>
		<COLUMN NAME="END_TIME"><![CDATA[19/10/29]]></COLUMN>
		<COLUMN NAME="SCREEN_DT"><![CDATA[19/10/29]]></COLUMN>
		<COLUMN NAME="ADULT_COST"><![CDATA[11000]]></COLUMN>
		<COLUMN NAME="STUDENT_COST"><![CDATA[9000]]></COLUMN>
		<COLUMN NAME="EPISODE"><![CDATA[3]]></COLUMN>
	</ROW>
	<ROW>
		<COLUMN NAME="SCREEN_ID"><![CDATA[XBIS7MZK6TZCZCPG3GID]]></COLUMN>
		<COLUMN NAME="ROOM_ID"><![CDATA[IIII6N3Q7E6YPBJ81TVH]]></COLUMN>
		<COLUMN NAME="BRANCH_ID"><![CDATA[PXGOC4X0M28DDVI7SVJ1]]></COLUMN>
		<COLUMN NAME="MOVIE_ID"><![CDATA[K21094]]></COLUMN>
		<COLUMN NAME="START_TIME"><![CDATA[19/10/29]]></COLUMN>
		<COLUMN NAME="END_TIME"><![CDATA[19/10/29]]></COLUMN>
		<COLUMN NAME="SCREEN_DT"><![CDATA[19/10/29]]></COLUMN>
		<COLUMN NAME="ADULT_COST"><![CDATA[11000]]></COLUMN>
		<COLUMN NAME="STUDENT_COST"><![CDATA[9000]]></COLUMN>
		<COLUMN NAME="EPISODE"><![CDATA[5]]></COLUMN>
	</ROW>
	<ROW>
		<COLUMN NAME="SCREEN_ID"><![CDATA[L1NMGJ2LY9MBYLDRGCJR]]></COLUMN>
		<COLUMN NAME="ROOM_ID"><![CDATA[IIII6N3Q7E6YPBJ81TVH]]></COLUMN>
		<COLUMN NAME="BRANCH_ID"><![CDATA[PXGOC4X0M28DDVI7SVJ1]]></COLUMN>
		<COLUMN NAME="MOVIE_ID"><![CDATA[F48432]]></COLUMN>
		<COLUMN NAME="START_TIME"><![CDATA[19/10/30]]></COLUMN>
		<COLUMN NAME="END_TIME"><![CDATA[19/10/30]]></COLUMN>
		<COLUMN NAME="SCREEN_DT"><![CDATA[19/10/30]]></COLUMN>
		<COLUMN NAME="ADULT_COST"><![CDATA[9000]]></COLUMN>
		<COLUMN NAME="STUDENT_COST"><![CDATA[6000]]></COLUMN>
		<COLUMN NAME="EPISODE"><![CDATA[1]]></COLUMN>
	</ROW>
	<ROW>
		<COLUMN NAME="SCREEN_ID"><![CDATA[XE5U4I2EX8NET8ADULE6]]></COLUMN>
		<COLUMN NAME="ROOM_ID"><![CDATA[IIII6N3Q7E6YPBJ81TVH]]></COLUMN>
		<COLUMN NAME="BRANCH_ID"><![CDATA[PXGOC4X0M28DDVI7SVJ1]]></COLUMN>
		<COLUMN NAME="MOVIE_ID"><![CDATA[K21060]]></COLUMN>
		<COLUMN NAME="START_TIME"><![CDATA[19/10/30]]></COLUMN>
		<COLUMN NAME="END_TIME"><![CDATA[19/10/30]]></COLUMN>
		<COLUMN NAME="SCREEN_DT"><![CDATA[19/10/30]]></COLUMN>
		<COLUMN NAME="ADULT_COST"><![CDATA[11000]]></COLUMN>
		<COLUMN NAME="STUDENT_COST"><![CDATA[9000]]></COLUMN>
		<COLUMN NAME="EPISODE"><![CDATA[3]]></COLUMN>
	</ROW>
	<ROW>
		<COLUMN NAME="SCREEN_ID"><![CDATA[VMW5FD4FP881UO8QJP0E]]></COLUMN>
		<COLUMN NAME="ROOM_ID"><![CDATA[IIII6N3Q7E6YPBJ81TVH]]></COLUMN>
		<COLUMN NAME="BRANCH_ID"><![CDATA[PXGOC4X0M28DDVI7SVJ1]]></COLUMN>
		<COLUMN NAME="MOVIE_ID"><![CDATA[F48009]]></COLUMN>
		<COLUMN NAME="START_TIME"><![CDATA[19/10/30]]></COLUMN>
		<COLUMN NAME="END_TIME"><![CDATA[19/10/30]]></COLUMN>
		<COLUMN NAME="SCREEN_DT"><![CDATA[19/10/30]]></COLUMN>
		<COLUMN NAME="ADULT_COST"><![CDATA[11000]]></COLUMN>
		<COLUMN NAME="STUDENT_COST"><![CDATA[9000]]></COLUMN>
		<COLUMN NAME="EPISODE"><![CDATA[5]]></COLUMN>
	</ROW>
	<ROW>
		<COLUMN NAME="SCREEN_ID"><![CDATA[RQ0RIWPS7SXBYFWDR99T]]></COLUMN>
		<COLUMN NAME="ROOM_ID"><![CDATA[IIII6N3Q7E6YPBJ81TVH]]></COLUMN>
		<COLUMN NAME="BRANCH_ID"><![CDATA[PXGOC4X0M28DDVI7SVJ1]]></COLUMN>
		<COLUMN NAME="MOVIE_ID"><![CDATA[F48009]]></COLUMN>
		<COLUMN NAME="START_TIME"><![CDATA[19/10/30]]></COLUMN>
		<COLUMN NAME="END_TIME"><![CDATA[19/10/30]]></COLUMN>
		<COLUMN NAME="SCREEN_DT"><![CDATA[19/10/30]]></COLUMN>
		<COLUMN NAME="ADULT_COST"><![CDATA[11000]]></COLUMN>
		<COLUMN NAME="STUDENT_COST"><![CDATA[9000]]></COLUMN>
		<COLUMN NAME="EPISODE"><![CDATA[7]]></COLUMN>
	</ROW>
	<ROW>
		<COLUMN NAME="SCREEN_ID"><![CDATA[XFAULWKAIUPJMPVZBY32]]></COLUMN>
		<COLUMN NAME="ROOM_ID"><![CDATA[7KLNKUSL63RZW5RU1ST5]]></COLUMN>
		<COLUMN NAME="BRANCH_ID"><![CDATA[PXGOC4X0M28DDVI7SVJ1]]></COLUMN>
		<COLUMN NAME="MOVIE_ID"><![CDATA[F48009]]></COLUMN>
		<COLUMN NAME="START_TIME"><![CDATA[19/10/29]]></COLUMN>
		<COLUMN NAME="END_TIME"><![CDATA[19/10/29]]></COLUMN>
		<COLUMN NAME="SCREEN_DT"><![CDATA[19/10/29]]></COLUMN>
		<COLUMN NAME="ADULT_COST"><![CDATA[10]]></COLUMN>
		<COLUMN NAME="STUDENT_COST"><![CDATA[10]]></COLUMN>
		<COLUMN NAME="EPISODE"><![CDATA[1]]></COLUMN>
	</ROW>
	<ROW>
		<COLUMN NAME="SCREEN_ID"><![CDATA[QJ54XHLO9A2XOUCCI7FL]]></COLUMN>
		<COLUMN NAME="ROOM_ID"><![CDATA[1G7VWHNFB6WC8SEBBAM3]]></COLUMN>
		<COLUMN NAME="BRANCH_ID"><![CDATA[5GI7FHGP1AM1ZPERNUIG]]></COLUMN>
		<COLUMN NAME="MOVIE_ID"><![CDATA[F49438]]></COLUMN>
		<COLUMN NAME="START_TIME"><![CDATA[19/10/30]]></COLUMN>
		<COLUMN NAME="END_TIME"><![CDATA[19/10/30]]></COLUMN>
		<COLUMN NAME="SCREEN_DT"><![CDATA[19/10/30]]></COLUMN>
		<COLUMN NAME="ADULT_COST"><![CDATA[8000]]></COLUMN>
		<COLUMN NAME="STUDENT_COST"><![CDATA[5000]]></COLUMN>
		<COLUMN NAME="EPISODE"><![CDATA[1]]></COLUMN>
	</ROW>
	<ROW>
		<COLUMN NAME="SCREEN_ID"><![CDATA[SL41BACCJYCA20MLKZC0]]></COLUMN>
		<COLUMN NAME="ROOM_ID"><![CDATA[9T8BE7TKFW75C0Z542RA]]></COLUMN>
		<COLUMN NAME="BRANCH_ID"><![CDATA[5GI7FHGP1AM1ZPERNUIG]]></COLUMN>
		<COLUMN NAME="MOVIE_ID"><![CDATA[F49438]]></COLUMN>
		<COLUMN NAME="START_TIME"><![CDATA[19/10/29]]></COLUMN>
		<COLUMN NAME="END_TIME"><![CDATA[19/10/29]]></COLUMN>
		<COLUMN NAME="SCREEN_DT"><![CDATA[19/10/29]]></COLUMN>
		<COLUMN NAME="ADULT_COST"><![CDATA[11000]]></COLUMN>
		<COLUMN NAME="STUDENT_COST"><![CDATA[9000]]></COLUMN>
		<COLUMN NAME="EPISODE"><![CDATA[2]]></COLUMN>
	</ROW>
	<ROW>
		<COLUMN NAME="SCREEN_ID"><![CDATA[XB18CUT1NWAYQWECJZYR]]></COLUMN>
		<COLUMN NAME="ROOM_ID"><![CDATA[9T8BE7TKFW75C0Z542RA]]></COLUMN>
		<COLUMN NAME="BRANCH_ID"><![CDATA[5GI7FHGP1AM1ZPERNUIG]]></COLUMN>
		<COLUMN NAME="MOVIE_ID"><![CDATA[F49438]]></COLUMN>
		<COLUMN NAME="START_TIME"><![CDATA[19/10/29]]></COLUMN>
		<COLUMN NAME="END_TIME"><![CDATA[19/10/29]]></COLUMN>
		<COLUMN NAME="SCREEN_DT"><![CDATA[19/10/29]]></COLUMN>
		<COLUMN NAME="ADULT_COST"><![CDATA[11000]]></COLUMN>
		<COLUMN NAME="STUDENT_COST"><![CDATA[9000]]></COLUMN>
		<COLUMN NAME="EPISODE"><![CDATA[4]]></COLUMN>
	</ROW>
	<ROW>
		<COLUMN NAME="SCREEN_ID"><![CDATA[18NM7703JFEIS5F98956]]></COLUMN>
		<COLUMN NAME="ROOM_ID"><![CDATA[9T8BE7TKFW75C0Z542RA]]></COLUMN>
		<COLUMN NAME="BRANCH_ID"><![CDATA[5GI7FHGP1AM1ZPERNUIG]]></COLUMN>
		<COLUMN NAME="MOVIE_ID"><![CDATA[F49438]]></COLUMN>
		<COLUMN NAME="START_TIME"><![CDATA[19/10/29]]></COLUMN>
		<COLUMN NAME="END_TIME"><![CDATA[19/10/29]]></COLUMN>
		<COLUMN NAME="SCREEN_DT"><![CDATA[19/10/29]]></COLUMN>
		<COLUMN NAME="ADULT_COST"><![CDATA[11000]]></COLUMN>
		<COLUMN NAME="STUDENT_COST"><![CDATA[9000]]></COLUMN>
		<COLUMN NAME="EPISODE"><![CDATA[1]]></COLUMN>
	</ROW>
	<ROW>
		<COLUMN NAME="SCREEN_ID"><![CDATA[5CDLF13C5RA5L7F4FX3Z]]></COLUMN>
		<COLUMN NAME="ROOM_ID"><![CDATA[9T8BE7TKFW75C0Z542RA]]></COLUMN>
		<COLUMN NAME="BRANCH_ID"><![CDATA[5GI7FHGP1AM1ZPERNUIG]]></COLUMN>
		<COLUMN NAME="MOVIE_ID"><![CDATA[F49438]]></COLUMN>
		<COLUMN NAME="START_TIME"><![CDATA[19/10/29]]></COLUMN>
		<COLUMN NAME="END_TIME"><![CDATA[19/10/29]]></COLUMN>
		<COLUMN NAME="SCREEN_DT"><![CDATA[19/10/29]]></COLUMN>
		<COLUMN NAME="ADULT_COST"><![CDATA[11000]]></COLUMN>
		<COLUMN NAME="STUDENT_COST"><![CDATA[9000]]></COLUMN>
		<COLUMN NAME="EPISODE"><![CDATA[7]]></COLUMN>
	</ROW>
	<ROW>
		<COLUMN NAME="SCREEN_ID"><![CDATA[YQ1Q5EFKXQYNGP369CB8]]></COLUMN>
		<COLUMN NAME="ROOM_ID"><![CDATA[9T8BE7TKFW75C0Z542RA]]></COLUMN>
		<COLUMN NAME="BRANCH_ID"><![CDATA[5GI7FHGP1AM1ZPERNUIG]]></COLUMN>
		<COLUMN NAME="MOVIE_ID"><![CDATA[F48335]]></COLUMN>
		<COLUMN NAME="START_TIME"><![CDATA[19/10/31]]></COLUMN>
		<COLUMN NAME="END_TIME"><![CDATA[19/10/31]]></COLUMN>
		<COLUMN NAME="SCREEN_DT"><![CDATA[19/10/31]]></COLUMN>
		<COLUMN NAME="ADULT_COST"><![CDATA[11000]]></COLUMN>
		<COLUMN NAME="STUDENT_COST"><![CDATA[9000]]></COLUMN>
		<COLUMN NAME="EPISODE"><![CDATA[1]]></COLUMN>
	</ROW>
	<ROW>
		<COLUMN NAME="SCREEN_ID"><![CDATA[GMT1I3HD4JWI3N70Z8DC]]></COLUMN>
		<COLUMN NAME="ROOM_ID"><![CDATA[9T8BE7TKFW75C0Z542RA]]></COLUMN>
		<COLUMN NAME="BRANCH_ID"><![CDATA[5GI7FHGP1AM1ZPERNUIG]]></COLUMN>
		<COLUMN NAME="MOVIE_ID"><![CDATA[F48335]]></COLUMN>
		<COLUMN NAME="START_TIME"><![CDATA[19/10/31]]></COLUMN>
		<COLUMN NAME="END_TIME"><![CDATA[19/10/31]]></COLUMN>
		<COLUMN NAME="SCREEN_DT"><![CDATA[19/10/31]]></COLUMN>
		<COLUMN NAME="ADULT_COST"><![CDATA[11000]]></COLUMN>
		<COLUMN NAME="STUDENT_COST"><![CDATA[9000]]></COLUMN>
		<COLUMN NAME="EPISODE"><![CDATA[3]]></COLUMN>
	</ROW>
	<ROW>
		<COLUMN NAME="SCREEN_ID"><![CDATA[ND10LJYAGPNR2QVHUJ4A]]></COLUMN>
		<COLUMN NAME="ROOM_ID"><![CDATA[9T8BE7TKFW75C0Z542RA]]></COLUMN>
		<COLUMN NAME="BRANCH_ID"><![CDATA[5GI7FHGP1AM1ZPERNUIG]]></COLUMN>
		<COLUMN NAME="MOVIE_ID"><![CDATA[F48335]]></COLUMN>
		<COLUMN NAME="START_TIME"><![CDATA[19/10/31]]></COLUMN>
		<COLUMN NAME="END_TIME"><![CDATA[19/10/31]]></COLUMN>
		<COLUMN NAME="SCREEN_DT"><![CDATA[19/10/31]]></COLUMN>
		<COLUMN NAME="ADULT_COST"><![CDATA[11000]]></COLUMN>
		<COLUMN NAME="STUDENT_COST"><![CDATA[9000]]></COLUMN>
		<COLUMN NAME="EPISODE"><![CDATA[5]]></COLUMN>
	</ROW>
	<ROW>
		<COLUMN NAME="SCREEN_ID"><![CDATA[XB21E5NFXHIXQD925RBY]]></COLUMN>
		<COLUMN NAME="ROOM_ID"><![CDATA[ZHLQ3WQBXG9UKQQWQB3M]]></COLUMN>
		<COLUMN NAME="BRANCH_ID"><![CDATA[5GI7FHGP1AM1ZPERNUIG]]></COLUMN>
		<COLUMN NAME="MOVIE_ID"><![CDATA[F48335]]></COLUMN>
		<COLUMN NAME="START_TIME"><![CDATA[19/10/29]]></COLUMN>
		<COLUMN NAME="END_TIME"><![CDATA[19/10/29]]></COLUMN>
		<COLUMN NAME="SCREEN_DT"><![CDATA[19/10/29]]></COLUMN>
		<COLUMN NAME="ADULT_COST"><![CDATA[11000]]></COLUMN>
		<COLUMN NAME="STUDENT_COST"><![CDATA[9000]]></COLUMN>
		<COLUMN NAME="EPISODE"><![CDATA[1]]></COLUMN>
	</ROW>
	<ROW>
		<COLUMN NAME="SCREEN_ID"><![CDATA[S5579RZY7CAWJGD2JPFI]]></COLUMN>
		<COLUMN NAME="ROOM_ID"><![CDATA[ZHLQ3WQBXG9UKQQWQB3M]]></COLUMN>
		<COLUMN NAME="BRANCH_ID"><![CDATA[5GI7FHGP1AM1ZPERNUIG]]></COLUMN>
		<COLUMN NAME="MOVIE_ID"><![CDATA[F48335]]></COLUMN>
		<COLUMN NAME="START_TIME"><![CDATA[19/10/29]]></COLUMN>
		<COLUMN NAME="END_TIME"><![CDATA[19/10/29]]></COLUMN>
		<COLUMN NAME="SCREEN_DT"><![CDATA[19/10/29]]></COLUMN>
		<COLUMN NAME="ADULT_COST"><![CDATA[11000]]></COLUMN>
		<COLUMN NAME="STUDENT_COST"><![CDATA[9000]]></COLUMN>
		<COLUMN NAME="EPISODE"><![CDATA[3]]></COLUMN>
	</ROW>
	<ROW>
		<COLUMN NAME="SCREEN_ID"><![CDATA[0H773XT8I6FNO9H721ZL]]></COLUMN>
		<COLUMN NAME="ROOM_ID"><![CDATA[ZHLQ3WQBXG9UKQQWQB3M]]></COLUMN>
		<COLUMN NAME="BRANCH_ID"><![CDATA[5GI7FHGP1AM1ZPERNUIG]]></COLUMN>
		<COLUMN NAME="MOVIE_ID"><![CDATA[F48335]]></COLUMN>
		<COLUMN NAME="START_TIME"><![CDATA[19/10/29]]></COLUMN>
		<COLUMN NAME="END_TIME"><![CDATA[19/10/29]]></COLUMN>
		<COLUMN NAME="SCREEN_DT"><![CDATA[19/10/29]]></COLUMN>
		<COLUMN NAME="ADULT_COST"><![CDATA[11000]]></COLUMN>
		<COLUMN NAME="STUDENT_COST"><![CDATA[9000]]></COLUMN>
		<COLUMN NAME="EPISODE"><![CDATA[5]]></COLUMN>
	</ROW>
	<ROW>
		<COLUMN NAME="SCREEN_ID"><![CDATA[IYBHXWZA3OK69J5V2YFS]]></COLUMN>
		<COLUMN NAME="ROOM_ID"><![CDATA[ZHLQ3WQBXG9UKQQWQB3M]]></COLUMN>
		<COLUMN NAME="BRANCH_ID"><![CDATA[5GI7FHGP1AM1ZPERNUIG]]></COLUMN>
		<COLUMN NAME="MOVIE_ID"><![CDATA[F48335]]></COLUMN>
		<COLUMN NAME="START_TIME"><![CDATA[19/10/29]]></COLUMN>
		<COLUMN NAME="END_TIME"><![CDATA[19/10/30]]></COLUMN>
		<COLUMN NAME="SCREEN_DT"><![CDATA[19/10/29]]></COLUMN>
		<COLUMN NAME="ADULT_COST"><![CDATA[11000]]></COLUMN>
		<COLUMN NAME="STUDENT_COST"><![CDATA[9000]]></COLUMN>
		<COLUMN NAME="EPISODE"><![CDATA[7]]></COLUMN>
	</ROW>
	<ROW>
		<COLUMN NAME="SCREEN_ID"><![CDATA[YFLVLS4MIDN1NR0YE6H6]]></COLUMN>
		<COLUMN NAME="ROOM_ID"><![CDATA[ZHLQ3WQBXG9UKQQWQB3M]]></COLUMN>
		<COLUMN NAME="BRANCH_ID"><![CDATA[5GI7FHGP1AM1ZPERNUIG]]></COLUMN>
		<COLUMN NAME="MOVIE_ID"><![CDATA[F49438]]></COLUMN>
		<COLUMN NAME="START_TIME"><![CDATA[19/10/30]]></COLUMN>
		<COLUMN NAME="END_TIME"><![CDATA[19/10/30]]></COLUMN>
		<COLUMN NAME="SCREEN_DT"><![CDATA[19/10/30]]></COLUMN>
		<COLUMN NAME="ADULT_COST"><![CDATA[11000]]></COLUMN>
		<COLUMN NAME="STUDENT_COST"><![CDATA[9000]]></COLUMN>
		<COLUMN NAME="EPISODE"><![CDATA[2]]></COLUMN>
	</ROW>
	<ROW>
		<COLUMN NAME="SCREEN_ID"><![CDATA[MEERQLJR8W00GLG3QG3G]]></COLUMN>
		<COLUMN NAME="ROOM_ID"><![CDATA[ZHLQ3WQBXG9UKQQWQB3M]]></COLUMN>
		<COLUMN NAME="BRANCH_ID"><![CDATA[5GI7FHGP1AM1ZPERNUIG]]></COLUMN>
		<COLUMN NAME="MOVIE_ID"><![CDATA[F49438]]></COLUMN>
		<COLUMN NAME="START_TIME"><![CDATA[19/10/30]]></COLUMN>
		<COLUMN NAME="END_TIME"><![CDATA[19/10/30]]></COLUMN>
		<COLUMN NAME="SCREEN_DT"><![CDATA[19/10/30]]></COLUMN>
		<COLUMN NAME="ADULT_COST"><![CDATA[11000]]></COLUMN>
		<COLUMN NAME="STUDENT_COST"><![CDATA[9000]]></COLUMN>
		<COLUMN NAME="EPISODE"><![CDATA[4]]></COLUMN>
	</ROW>
	<ROW>
		<COLUMN NAME="SCREEN_ID"><![CDATA[AMCRGL5NQN2OCTKO04MT]]></COLUMN>
		<COLUMN NAME="ROOM_ID"><![CDATA[ZHLQ3WQBXG9UKQQWQB3M]]></COLUMN>
		<COLUMN NAME="BRANCH_ID"><![CDATA[5GI7FHGP1AM1ZPERNUIG]]></COLUMN>
		<COLUMN NAME="MOVIE_ID"><![CDATA[F49438]]></COLUMN>
		<COLUMN NAME="START_TIME"><![CDATA[19/10/30]]></COLUMN>
		<COLUMN NAME="END_TIME"><![CDATA[19/10/30]]></COLUMN>
		<COLUMN NAME="SCREEN_DT"><![CDATA[19/10/30]]></COLUMN>
		<COLUMN NAME="ADULT_COST"><![CDATA[11000]]></COLUMN>
		<COLUMN NAME="STUDENT_COST"><![CDATA[9000]]></COLUMN>
		<COLUMN NAME="EPISODE"><![CDATA[5]]></COLUMN>
	</ROW>
	<ROW>
		<COLUMN NAME="SCREEN_ID"><![CDATA[O4NYZ45E74EOTTY2ZJEG]]></COLUMN>
		<COLUMN NAME="ROOM_ID"><![CDATA[ZHLQ3WQBXG9UKQQWQB3M]]></COLUMN>
		<COLUMN NAME="BRANCH_ID"><![CDATA[5GI7FHGP1AM1ZPERNUIG]]></COLUMN>
		<COLUMN NAME="MOVIE_ID"><![CDATA[F49438]]></COLUMN>
		<COLUMN NAME="START_TIME"><![CDATA[19/10/30]]></COLUMN>
		<COLUMN NAME="END_TIME"><![CDATA[19/10/30]]></COLUMN>
		<COLUMN NAME="SCREEN_DT"><![CDATA[19/10/30]]></COLUMN>
		<COLUMN NAME="ADULT_COST"><![CDATA[11000]]></COLUMN>
		<COLUMN NAME="STUDENT_COST"><![CDATA[9000]]></COLUMN>
		<COLUMN NAME="EPISODE"><![CDATA[7]]></COLUMN>
	</ROW>
	<ROW>
		<COLUMN NAME="SCREEN_ID"><![CDATA[9LFLQKPHQ3XFKRE9RH5O]]></COLUMN>
		<COLUMN NAME="ROOM_ID"><![CDATA[ZHLQ3WQBXG9UKQQWQB3M]]></COLUMN>
		<COLUMN NAME="BRANCH_ID"><![CDATA[5GI7FHGP1AM1ZPERNUIG]]></COLUMN>
		<COLUMN NAME="MOVIE_ID"><![CDATA[F46434]]></COLUMN>
		<COLUMN NAME="START_TIME"><![CDATA[19/10/31]]></COLUMN>
		<COLUMN NAME="END_TIME"><![CDATA[19/10/31]]></COLUMN>
		<COLUMN NAME="SCREEN_DT"><![CDATA[19/10/31]]></COLUMN>
		<COLUMN NAME="ADULT_COST"><![CDATA[11000]]></COLUMN>
		<COLUMN NAME="STUDENT_COST"><![CDATA[9000]]></COLUMN>
		<COLUMN NAME="EPISODE"><![CDATA[2]]></COLUMN>
	</ROW>
	<ROW>
		<COLUMN NAME="SCREEN_ID"><![CDATA[PJBKG0RCDY5AQ2FFOCGP]]></COLUMN>
		<COLUMN NAME="ROOM_ID"><![CDATA[ZHLQ3WQBXG9UKQQWQB3M]]></COLUMN>
		<COLUMN NAME="BRANCH_ID"><![CDATA[5GI7FHGP1AM1ZPERNUIG]]></COLUMN>
		<COLUMN NAME="MOVIE_ID"><![CDATA[F46434]]></COLUMN>
		<COLUMN NAME="START_TIME"><![CDATA[19/10/31]]></COLUMN>
		<COLUMN NAME="END_TIME"><![CDATA[19/10/31]]></COLUMN>
		<COLUMN NAME="SCREEN_DT"><![CDATA[19/10/31]]></COLUMN>
		<COLUMN NAME="ADULT_COST"><![CDATA[11000]]></COLUMN>
		<COLUMN NAME="STUDENT_COST"><![CDATA[9000]]></COLUMN>
		<COLUMN NAME="EPISODE"><![CDATA[4]]></COLUMN>
	</ROW>
	<ROW>
		<COLUMN NAME="SCREEN_ID"><![CDATA[73TSVTXLB3RP3Q0PM7X3]]></COLUMN>
		<COLUMN NAME="ROOM_ID"><![CDATA[ZHLQ3WQBXG9UKQQWQB3M]]></COLUMN>
		<COLUMN NAME="BRANCH_ID"><![CDATA[5GI7FHGP1AM1ZPERNUIG]]></COLUMN>
		<COLUMN NAME="MOVIE_ID"><![CDATA[F46434]]></COLUMN>
		<COLUMN NAME="START_TIME"><![CDATA[19/10/31]]></COLUMN>
		<COLUMN NAME="END_TIME"><![CDATA[19/10/31]]></COLUMN>
		<COLUMN NAME="SCREEN_DT"><![CDATA[19/10/31]]></COLUMN>
		<COLUMN NAME="ADULT_COST"><![CDATA[11000]]></COLUMN>
		<COLUMN NAME="STUDENT_COST"><![CDATA[9000]]></COLUMN>
		<COLUMN NAME="EPISODE"><![CDATA[6]]></COLUMN>
	</ROW>
	<ROW>
		<COLUMN NAME="SCREEN_ID"><![CDATA[4I1HP5ZC9CJ7675DGN2Z]]></COLUMN>
		<COLUMN NAME="ROOM_ID"><![CDATA[ITAHSZ9QUAZ8V32OFUUY]]></COLUMN>
		<COLUMN NAME="BRANCH_ID"><![CDATA[5GI7FHGP1AM1ZPERNUIG]]></COLUMN>
		<COLUMN NAME="MOVIE_ID"><![CDATA[F46434]]></COLUMN>
		<COLUMN NAME="START_TIME"><![CDATA[19/10/29]]></COLUMN>
		<COLUMN NAME="END_TIME"><![CDATA[19/10/29]]></COLUMN>
		<COLUMN NAME="SCREEN_DT"><![CDATA[19/10/29]]></COLUMN>
		<COLUMN NAME="ADULT_COST"><![CDATA[11000]]></COLUMN>
		<COLUMN NAME="STUDENT_COST"><![CDATA[9000]]></COLUMN>
		<COLUMN NAME="EPISODE"><![CDATA[3]]></COLUMN>
	</ROW>
	<ROW>
		<COLUMN NAME="SCREEN_ID"><![CDATA[OWJW289GZ5IRPZL80RTF]]></COLUMN>
		<COLUMN NAME="ROOM_ID"><![CDATA[ITAHSZ9QUAZ8V32OFUUY]]></COLUMN>
		<COLUMN NAME="BRANCH_ID"><![CDATA[5GI7FHGP1AM1ZPERNUIG]]></COLUMN>
		<COLUMN NAME="MOVIE_ID"><![CDATA[F46434]]></COLUMN>
		<COLUMN NAME="START_TIME"><![CDATA[19/10/29]]></COLUMN>
		<COLUMN NAME="END_TIME"><![CDATA[19/10/29]]></COLUMN>
		<COLUMN NAME="SCREEN_DT"><![CDATA[19/10/29]]></COLUMN>
		<COLUMN NAME="ADULT_COST"><![CDATA[11000]]></COLUMN>
		<COLUMN NAME="STUDENT_COST"><![CDATA[9000]]></COLUMN>
		<COLUMN NAME="EPISODE"><![CDATA[5]]></COLUMN>
	</ROW>
	<ROW>
		<COLUMN NAME="SCREEN_ID"><![CDATA[PDHA24C2MJJ15PP7QBXP]]></COLUMN>
		<COLUMN NAME="ROOM_ID"><![CDATA[ITAHSZ9QUAZ8V32OFUUY]]></COLUMN>
		<COLUMN NAME="BRANCH_ID"><![CDATA[5GI7FHGP1AM1ZPERNUIG]]></COLUMN>
		<COLUMN NAME="MOVIE_ID"><![CDATA[F46434]]></COLUMN>
		<COLUMN NAME="START_TIME"><![CDATA[19/10/29]]></COLUMN>
		<COLUMN NAME="END_TIME"><![CDATA[19/10/29]]></COLUMN>
		<COLUMN NAME="SCREEN_DT"><![CDATA[19/10/29]]></COLUMN>
		<COLUMN NAME="ADULT_COST"><![CDATA[11000]]></COLUMN>
		<COLUMN NAME="STUDENT_COST"><![CDATA[9000]]></COLUMN>
		<COLUMN NAME="EPISODE"><![CDATA[7]]></COLUMN>
	</ROW>
	<ROW>
		<COLUMN NAME="SCREEN_ID"><![CDATA[BI4ZC4G7ZZS60J9R0WYP]]></COLUMN>
		<COLUMN NAME="ROOM_ID"><![CDATA[ZGY13KBN1SDIA3LRKQIF]]></COLUMN>
		<COLUMN NAME="BRANCH_ID"><![CDATA[PXGOC4X0M28DDVI7SVJ1]]></COLUMN>
		<COLUMN NAME="MOVIE_ID"><![CDATA[F48432]]></COLUMN>
		<COLUMN NAME="START_TIME"><![CDATA[19/10/29]]></COLUMN>
		<COLUMN NAME="END_TIME"><![CDATA[19/10/29]]></COLUMN>
		<COLUMN NAME="SCREEN_DT"><![CDATA[19/10/29]]></COLUMN>
		<COLUMN NAME="ADULT_COST"><![CDATA[11000]]></COLUMN>
		<COLUMN NAME="STUDENT_COST"><![CDATA[9000]]></COLUMN>
		<COLUMN NAME="EPISODE"><![CDATA[2]]></COLUMN>
	</ROW>
	<ROW>
		<COLUMN NAME="SCREEN_ID"><![CDATA[RTI5V7YGAIXC9XF2HXH1]]></COLUMN>
		<COLUMN NAME="ROOM_ID"><![CDATA[ZGY13KBN1SDIA3LRKQIF]]></COLUMN>
		<COLUMN NAME="BRANCH_ID"><![CDATA[PXGOC4X0M28DDVI7SVJ1]]></COLUMN>
		<COLUMN NAME="MOVIE_ID"><![CDATA[F49259]]></COLUMN>
		<COLUMN NAME="START_TIME"><![CDATA[19/10/29]]></COLUMN>
		<COLUMN NAME="END_TIME"><![CDATA[19/10/29]]></COLUMN>
		<COLUMN NAME="SCREEN_DT"><![CDATA[19/10/29]]></COLUMN>
		<COLUMN NAME="ADULT_COST"><![CDATA[11000]]></COLUMN>
		<COLUMN NAME="STUDENT_COST"><![CDATA[9000]]></COLUMN>
		<COLUMN NAME="EPISODE"><![CDATA[5]]></COLUMN>
	</ROW>
	<ROW>
		<COLUMN NAME="SCREEN_ID"><![CDATA[458N3TS6LNWI4GU7P2GN]]></COLUMN>
		<COLUMN NAME="ROOM_ID"><![CDATA[ZGY13KBN1SDIA3LRKQIF]]></COLUMN>
		<COLUMN NAME="BRANCH_ID"><![CDATA[PXGOC4X0M28DDVI7SVJ1]]></COLUMN>
		<COLUMN NAME="MOVIE_ID"><![CDATA[F48999]]></COLUMN>
		<COLUMN NAME="START_TIME"><![CDATA[19/10/29]]></COLUMN>
		<COLUMN NAME="END_TIME"><![CDATA[19/10/29]]></COLUMN>
		<COLUMN NAME="SCREEN_DT"><![CDATA[19/10/29]]></COLUMN>
		<COLUMN NAME="ADULT_COST"><![CDATA[11000]]></COLUMN>
		<COLUMN NAME="STUDENT_COST"><![CDATA[9000]]></COLUMN>
		<COLUMN NAME="EPISODE"><![CDATA[8]]></COLUMN>
	</ROW>
	<ROW>
		<COLUMN NAME="SCREEN_ID"><![CDATA[NEJ8X78IHRT517CVNBBG]]></COLUMN>
		<COLUMN NAME="ROOM_ID"><![CDATA[ZGY13KBN1SDIA3LRKQIF]]></COLUMN>
		<COLUMN NAME="BRANCH_ID"><![CDATA[PXGOC4X0M28DDVI7SVJ1]]></COLUMN>
		<COLUMN NAME="MOVIE_ID"><![CDATA[K17732]]></COLUMN>
		<COLUMN NAME="START_TIME"><![CDATA[19/10/30]]></COLUMN>
		<COLUMN NAME="END_TIME"><![CDATA[19/10/30]]></COLUMN>
		<COLUMN NAME="SCREEN_DT"><![CDATA[19/10/30]]></COLUMN>
		<COLUMN NAME="ADULT_COST"><![CDATA[11000]]></COLUMN>
		<COLUMN NAME="STUDENT_COST"><![CDATA[9000]]></COLUMN>
		<COLUMN NAME="EPISODE"><![CDATA[2]]></COLUMN>
	</ROW>
	<ROW>
		<COLUMN NAME="SCREEN_ID"><![CDATA[VVZFZRJY0VP4C1A1CG5L]]></COLUMN>
		<COLUMN NAME="ROOM_ID"><![CDATA[ZGY13KBN1SDIA3LRKQIF]]></COLUMN>
		<COLUMN NAME="BRANCH_ID"><![CDATA[PXGOC4X0M28DDVI7SVJ1]]></COLUMN>
		<COLUMN NAME="MOVIE_ID"><![CDATA[A09109]]></COLUMN>
		<COLUMN NAME="START_TIME"><![CDATA[19/10/30]]></COLUMN>
		<COLUMN NAME="END_TIME"><![CDATA[19/10/30]]></COLUMN>
		<COLUMN NAME="SCREEN_DT"><![CDATA[19/10/30]]></COLUMN>
		<COLUMN NAME="ADULT_COST"><![CDATA[11000]]></COLUMN>
		<COLUMN NAME="STUDENT_COST"><![CDATA[9000]]></COLUMN>
		<COLUMN NAME="EPISODE"><![CDATA[4]]></COLUMN>
	</ROW>
	<ROW>
		<COLUMN NAME="SCREEN_ID"><![CDATA[LLBMV9ESR6NKXG2M527X]]></COLUMN>
		<COLUMN NAME="ROOM_ID"><![CDATA[ZGY13KBN1SDIA3LRKQIF]]></COLUMN>
		<COLUMN NAME="BRANCH_ID"><![CDATA[PXGOC4X0M28DDVI7SVJ1]]></COLUMN>
		<COLUMN NAME="MOVIE_ID"><![CDATA[A09109]]></COLUMN>
		<COLUMN NAME="START_TIME"><![CDATA[19/10/30]]></COLUMN>
		<COLUMN NAME="END_TIME"><![CDATA[19/10/30]]></COLUMN>
		<COLUMN NAME="SCREEN_DT"><![CDATA[19/10/30]]></COLUMN>
		<COLUMN NAME="ADULT_COST"><![CDATA[11000]]></COLUMN>
		<COLUMN NAME="STUDENT_COST"><![CDATA[9000]]></COLUMN>
		<COLUMN NAME="EPISODE"><![CDATA[5]]></COLUMN>
	</ROW>
	<ROW>
		<COLUMN NAME="SCREEN_ID"><![CDATA[3XMTT36EOIG8XN2Q5D7R]]></COLUMN>
		<COLUMN NAME="ROOM_ID"><![CDATA[ZGY13KBN1SDIA3LRKQIF]]></COLUMN>
		<COLUMN NAME="BRANCH_ID"><![CDATA[PXGOC4X0M28DDVI7SVJ1]]></COLUMN>
		<COLUMN NAME="MOVIE_ID"><![CDATA[F48009]]></COLUMN>
		<COLUMN NAME="START_TIME"><![CDATA[19/10/30]]></COLUMN>
		<COLUMN NAME="END_TIME"><![CDATA[19/10/30]]></COLUMN>
		<COLUMN NAME="SCREEN_DT"><![CDATA[19/10/30]]></COLUMN>
		<COLUMN NAME="ADULT_COST"><![CDATA[11000]]></COLUMN>
		<COLUMN NAME="STUDENT_COST"><![CDATA[9000]]></COLUMN>
		<COLUMN NAME="EPISODE"><![CDATA[7]]></COLUMN>
	</ROW>
	<ROW>
		<COLUMN NAME="SCREEN_ID"><![CDATA[X6JYBSRH4IZGESEEPI0J]]></COLUMN>
		<COLUMN NAME="ROOM_ID"><![CDATA[ZGY13KBN1SDIA3LRKQIF]]></COLUMN>
		<COLUMN NAME="BRANCH_ID"><![CDATA[PXGOC4X0M28DDVI7SVJ1]]></COLUMN>
		<COLUMN NAME="MOVIE_ID"><![CDATA[F48432]]></COLUMN>
		<COLUMN NAME="START_TIME"><![CDATA[19/10/31]]></COLUMN>
		<COLUMN NAME="END_TIME"><![CDATA[19/10/31]]></COLUMN>
		<COLUMN NAME="SCREEN_DT"><![CDATA[19/10/31]]></COLUMN>
		<COLUMN NAME="ADULT_COST"><![CDATA[9000]]></COLUMN>
		<COLUMN NAME="STUDENT_COST"><![CDATA[6000]]></COLUMN>
		<COLUMN NAME="EPISODE"><![CDATA[1]]></COLUMN>
	</ROW>
	<ROW>
		<COLUMN NAME="SCREEN_ID"><![CDATA[ZLZXTJT5F5IKO964WM52]]></COLUMN>
		<COLUMN NAME="ROOM_ID"><![CDATA[ZGY13KBN1SDIA3LRKQIF]]></COLUMN>
		<COLUMN NAME="BRANCH_ID"><![CDATA[PXGOC4X0M28DDVI7SVJ1]]></COLUMN>
		<COLUMN NAME="MOVIE_ID"><![CDATA[K20477]]></COLUMN>
		<COLUMN NAME="START_TIME"><![CDATA[19/10/31]]></COLUMN>
		<COLUMN NAME="END_TIME"><![CDATA[19/10/31]]></COLUMN>
		<COLUMN NAME="SCREEN_DT"><![CDATA[19/10/31]]></COLUMN>
		<COLUMN NAME="ADULT_COST"><![CDATA[11000]]></COLUMN>
		<COLUMN NAME="STUDENT_COST"><![CDATA[9000]]></COLUMN>
		<COLUMN NAME="EPISODE"><![CDATA[3]]></COLUMN>
	</ROW>
	<ROW>
		<COLUMN NAME="SCREEN_ID"><![CDATA[PSPLQL0J56KB913OMHQW]]></COLUMN>
		<COLUMN NAME="ROOM_ID"><![CDATA[ZGY13KBN1SDIA3LRKQIF]]></COLUMN>
		<COLUMN NAME="BRANCH_ID"><![CDATA[PXGOC4X0M28DDVI7SVJ1]]></COLUMN>
		<COLUMN NAME="MOVIE_ID"><![CDATA[F48336]]></COLUMN>
		<COLUMN NAME="START_TIME"><![CDATA[19/10/31]]></COLUMN>
		<COLUMN NAME="END_TIME"><![CDATA[19/10/31]]></COLUMN>
		<COLUMN NAME="SCREEN_DT"><![CDATA[19/10/31]]></COLUMN>
		<COLUMN NAME="ADULT_COST"><![CDATA[11000]]></COLUMN>
		<COLUMN NAME="STUDENT_COST"><![CDATA[9000]]></COLUMN>
		<COLUMN NAME="EPISODE"><![CDATA[6]]></COLUMN>
	</ROW>
	<ROW>
		<COLUMN NAME="SCREEN_ID"><![CDATA[XYULO0HT3S2WCSCAS3GZ]]></COLUMN>
		<COLUMN NAME="ROOM_ID"><![CDATA[ZGY13KBN1SDIA3LRKQIF]]></COLUMN>
		<COLUMN NAME="BRANCH_ID"><![CDATA[PXGOC4X0M28DDVI7SVJ1]]></COLUMN>
		<COLUMN NAME="MOVIE_ID"><![CDATA[K20477]]></COLUMN>
		<COLUMN NAME="START_TIME"><![CDATA[19/10/31]]></COLUMN>
		<COLUMN NAME="END_TIME"><![CDATA[19/10/31]]></COLUMN>
		<COLUMN NAME="SCREEN_DT"><![CDATA[19/10/31]]></COLUMN>
		<COLUMN NAME="ADULT_COST"><![CDATA[11000]]></COLUMN>
		<COLUMN NAME="STUDENT_COST"><![CDATA[9000]]></COLUMN>
		<COLUMN NAME="EPISODE"><![CDATA[4]]></COLUMN>
	</ROW>
	<ROW>
		<COLUMN NAME="SCREEN_ID"><![CDATA[CW1SYUUHDM3MFUOOJV4T]]></COLUMN>
		<COLUMN NAME="ROOM_ID"><![CDATA[ZGY13KBN1SDIA3LRKQIF]]></COLUMN>
		<COLUMN NAME="BRANCH_ID"><![CDATA[PXGOC4X0M28DDVI7SVJ1]]></COLUMN>
		<COLUMN NAME="MOVIE_ID"><![CDATA[F48336]]></COLUMN>
		<COLUMN NAME="START_TIME"><![CDATA[19/10/31]]></COLUMN>
		<COLUMN NAME="END_TIME"><![CDATA[19/11/01]]></COLUMN>
		<COLUMN NAME="SCREEN_DT"><![CDATA[19/10/31]]></COLUMN>
		<COLUMN NAME="ADULT_COST"><![CDATA[11000]]></COLUMN>
		<COLUMN NAME="STUDENT_COST"><![CDATA[9000]]></COLUMN>
		<COLUMN NAME="EPISODE"><![CDATA[8]]></COLUMN>
	</ROW>
	<ROW>
		<COLUMN NAME="SCREEN_ID"><![CDATA[724CU6KZ9375ZIRNNJ33]]></COLUMN>
		<COLUMN NAME="ROOM_ID"><![CDATA[IIII6N3Q7E6YPBJ81TVH]]></COLUMN>
		<COLUMN NAME="BRANCH_ID"><![CDATA[PXGOC4X0M28DDVI7SVJ1]]></COLUMN>
		<COLUMN NAME="MOVIE_ID"><![CDATA[F48214]]></COLUMN>
		<COLUMN NAME="START_TIME"><![CDATA[19/10/31]]></COLUMN>
		<COLUMN NAME="END_TIME"><![CDATA[19/10/31]]></COLUMN>
		<COLUMN NAME="SCREEN_DT"><![CDATA[19/10/31]]></COLUMN>
		<COLUMN NAME="ADULT_COST"><![CDATA[11000]]></COLUMN>
		<COLUMN NAME="STUDENT_COST"><![CDATA[9000]]></COLUMN>
		<COLUMN NAME="EPISODE"><![CDATA[2]]></COLUMN>
	</ROW>
	<ROW>
		<COLUMN NAME="SCREEN_ID"><![CDATA[845L18ZTW8IUJV962MS8]]></COLUMN>
		<COLUMN NAME="ROOM_ID"><![CDATA[IIII6N3Q7E6YPBJ81TVH]]></COLUMN>
		<COLUMN NAME="BRANCH_ID"><![CDATA[PXGOC4X0M28DDVI7SVJ1]]></COLUMN>
		<COLUMN NAME="MOVIE_ID"><![CDATA[K21060]]></COLUMN>
		<COLUMN NAME="START_TIME"><![CDATA[19/10/31]]></COLUMN>
		<COLUMN NAME="END_TIME"><![CDATA[19/10/31]]></COLUMN>
		<COLUMN NAME="SCREEN_DT"><![CDATA[19/10/31]]></COLUMN>
		<COLUMN NAME="ADULT_COST"><![CDATA[11000]]></COLUMN>
		<COLUMN NAME="STUDENT_COST"><![CDATA[9000]]></COLUMN>
		<COLUMN NAME="EPISODE"><![CDATA[4]]></COLUMN>
	</ROW>
	<ROW>
		<COLUMN NAME="SCREEN_ID"><![CDATA[X1MD4VA3ERRRZAF8A46Q]]></COLUMN>
		<COLUMN NAME="ROOM_ID"><![CDATA[IIII6N3Q7E6YPBJ81TVH]]></COLUMN>
		<COLUMN NAME="BRANCH_ID"><![CDATA[PXGOC4X0M28DDVI7SVJ1]]></COLUMN>
		<COLUMN NAME="MOVIE_ID"><![CDATA[K21094]]></COLUMN>
		<COLUMN NAME="START_TIME"><![CDATA[19/10/31]]></COLUMN>
		<COLUMN NAME="END_TIME"><![CDATA[19/11/01]]></COLUMN>
		<COLUMN NAME="SCREEN_DT"><![CDATA[19/10/31]]></COLUMN>
		<COLUMN NAME="ADULT_COST"><![CDATA[11000]]></COLUMN>
		<COLUMN NAME="STUDENT_COST"><![CDATA[9000]]></COLUMN>
		<COLUMN NAME="EPISODE"><![CDATA[6]]></COLUMN>
	</ROW>
	<ROW>
		<COLUMN NAME="SCREEN_ID"><![CDATA[E2TTYGB14JWLLQGD0FOF]]></COLUMN>
		<COLUMN NAME="ROOM_ID"><![CDATA[IIII6N3Q7E6YPBJ81TVH]]></COLUMN>
		<COLUMN NAME="BRANCH_ID"><![CDATA[PXGOC4X0M28DDVI7SVJ1]]></COLUMN>
		<COLUMN NAME="MOVIE_ID"><![CDATA[F49504]]></COLUMN>
		<COLUMN NAME="START_TIME"><![CDATA[19/10/29]]></COLUMN>
		<COLUMN NAME="END_TIME"><![CDATA[19/10/29]]></COLUMN>
		<COLUMN NAME="SCREEN_DT"><![CDATA[19/10/29]]></COLUMN>
		<COLUMN NAME="ADULT_COST"><![CDATA[11000]]></COLUMN>
		<COLUMN NAME="STUDENT_COST"><![CDATA[9000]]></COLUMN>
		<COLUMN NAME="EPISODE"><![CDATA[2]]></COLUMN>
	</ROW>
	<ROW>
		<COLUMN NAME="SCREEN_ID"><![CDATA[ZRLWIX3UZFXGPL1WIYE9]]></COLUMN>
		<COLUMN NAME="ROOM_ID"><![CDATA[IIII6N3Q7E6YPBJ81TVH]]></COLUMN>
		<COLUMN NAME="BRANCH_ID"><![CDATA[PXGOC4X0M28DDVI7SVJ1]]></COLUMN>
		<COLUMN NAME="MOVIE_ID"><![CDATA[K21094]]></COLUMN>
		<COLUMN NAME="START_TIME"><![CDATA[19/10/29]]></COLUMN>
		<COLUMN NAME="END_TIME"><![CDATA[19/10/29]]></COLUMN>
		<COLUMN NAME="SCREEN_DT"><![CDATA[19/10/29]]></COLUMN>
		<COLUMN NAME="ADULT_COST"><![CDATA[11000]]></COLUMN>
		<COLUMN NAME="STUDENT_COST"><![CDATA[9000]]></COLUMN>
		<COLUMN NAME="EPISODE"><![CDATA[4]]></COLUMN>
	</ROW>
	<ROW>
		<COLUMN NAME="SCREEN_ID"><![CDATA[F6PZH84ZP4OAVRNW0WNX]]></COLUMN>
		<COLUMN NAME="ROOM_ID"><![CDATA[IIII6N3Q7E6YPBJ81TVH]]></COLUMN>
		<COLUMN NAME="BRANCH_ID"><![CDATA[PXGOC4X0M28DDVI7SVJ1]]></COLUMN>
		<COLUMN NAME="MOVIE_ID"><![CDATA[K21094]]></COLUMN>
		<COLUMN NAME="START_TIME"><![CDATA[19/10/29]]></COLUMN>
		<COLUMN NAME="END_TIME"><![CDATA[19/10/29]]></COLUMN>
		<COLUMN NAME="SCREEN_DT"><![CDATA[19/10/29]]></COLUMN>
		<COLUMN NAME="ADULT_COST"><![CDATA[11000]]></COLUMN>
		<COLUMN NAME="STUDENT_COST"><![CDATA[9000]]></COLUMN>
		<COLUMN NAME="EPISODE"><![CDATA[6]]></COLUMN>
	</ROW>
	<ROW>
		<COLUMN NAME="SCREEN_ID"><![CDATA[W9IU5XH3PVNFLEFHZPV8]]></COLUMN>
		<COLUMN NAME="ROOM_ID"><![CDATA[IIII6N3Q7E6YPBJ81TVH]]></COLUMN>
		<COLUMN NAME="BRANCH_ID"><![CDATA[PXGOC4X0M28DDVI7SVJ1]]></COLUMN>
		<COLUMN NAME="MOVIE_ID"><![CDATA[K18372]]></COLUMN>
		<COLUMN NAME="START_TIME"><![CDATA[19/10/29]]></COLUMN>
		<COLUMN NAME="END_TIME"><![CDATA[19/10/29]]></COLUMN>
		<COLUMN NAME="SCREEN_DT"><![CDATA[19/10/29]]></COLUMN>
		<COLUMN NAME="ADULT_COST"><![CDATA[11000]]></COLUMN>
		<COLUMN NAME="STUDENT_COST"><![CDATA[9000]]></COLUMN>
		<COLUMN NAME="EPISODE"><![CDATA[7]]></COLUMN>
	</ROW>
	<ROW>
		<COLUMN NAME="SCREEN_ID"><![CDATA[1R4V6KCQIOUE8X4K4736]]></COLUMN>
		<COLUMN NAME="ROOM_ID"><![CDATA[IIII6N3Q7E6YPBJ81TVH]]></COLUMN>
		<COLUMN NAME="BRANCH_ID"><![CDATA[PXGOC4X0M28DDVI7SVJ1]]></COLUMN>
		<COLUMN NAME="MOVIE_ID"><![CDATA[K18372]]></COLUMN>
		<COLUMN NAME="START_TIME"><![CDATA[19/10/29]]></COLUMN>
		<COLUMN NAME="END_TIME"><![CDATA[19/10/30]]></COLUMN>
		<COLUMN NAME="SCREEN_DT"><![CDATA[19/10/29]]></COLUMN>
		<COLUMN NAME="ADULT_COST"><![CDATA[11000]]></COLUMN>
		<COLUMN NAME="STUDENT_COST"><![CDATA[9000]]></COLUMN>
		<COLUMN NAME="EPISODE"><![CDATA[8]]></COLUMN>
	</ROW>
	<ROW>
		<COLUMN NAME="SCREEN_ID"><![CDATA[3REBI3RVHJ42ORT3UULN]]></COLUMN>
		<COLUMN NAME="ROOM_ID"><![CDATA[IIII6N3Q7E6YPBJ81TVH]]></COLUMN>
		<COLUMN NAME="BRANCH_ID"><![CDATA[PXGOC4X0M28DDVI7SVJ1]]></COLUMN>
		<COLUMN NAME="MOVIE_ID"><![CDATA[K21060]]></COLUMN>
		<COLUMN NAME="START_TIME"><![CDATA[19/10/30]]></COLUMN>
		<COLUMN NAME="END_TIME"><![CDATA[19/10/30]]></COLUMN>
		<COLUMN NAME="SCREEN_DT"><![CDATA[19/10/30]]></COLUMN>
		<COLUMN NAME="ADULT_COST"><![CDATA[11000]]></COLUMN>
		<COLUMN NAME="STUDENT_COST"><![CDATA[9000]]></COLUMN>
		<COLUMN NAME="EPISODE"><![CDATA[2]]></COLUMN>
	</ROW>
	<ROW>
		<COLUMN NAME="SCREEN_ID"><![CDATA[MBIXSRZPLJO2HAJKVWQO]]></COLUMN>
		<COLUMN NAME="ROOM_ID"><![CDATA[IIII6N3Q7E6YPBJ81TVH]]></COLUMN>
		<COLUMN NAME="BRANCH_ID"><![CDATA[PXGOC4X0M28DDVI7SVJ1]]></COLUMN>
		<COLUMN NAME="MOVIE_ID"><![CDATA[K21060]]></COLUMN>
		<COLUMN NAME="START_TIME"><![CDATA[19/10/30]]></COLUMN>
		<COLUMN NAME="END_TIME"><![CDATA[19/10/30]]></COLUMN>
		<COLUMN NAME="SCREEN_DT"><![CDATA[19/10/30]]></COLUMN>
		<COLUMN NAME="ADULT_COST"><![CDATA[11000]]></COLUMN>
		<COLUMN NAME="STUDENT_COST"><![CDATA[9000]]></COLUMN>
		<COLUMN NAME="EPISODE"><![CDATA[4]]></COLUMN>
	</ROW>
	<ROW>
		<COLUMN NAME="SCREEN_ID"><![CDATA[3HS6GNH2RP7QJL4WJE14]]></COLUMN>
		<COLUMN NAME="ROOM_ID"><![CDATA[IIII6N3Q7E6YPBJ81TVH]]></COLUMN>
		<COLUMN NAME="BRANCH_ID"><![CDATA[PXGOC4X0M28DDVI7SVJ1]]></COLUMN>
		<COLUMN NAME="MOVIE_ID"><![CDATA[F48009]]></COLUMN>
		<COLUMN NAME="START_TIME"><![CDATA[19/10/30]]></COLUMN>
		<COLUMN NAME="END_TIME"><![CDATA[19/10/30]]></COLUMN>
		<COLUMN NAME="SCREEN_DT"><![CDATA[19/10/30]]></COLUMN>
		<COLUMN NAME="ADULT_COST"><![CDATA[11000]]></COLUMN>
		<COLUMN NAME="STUDENT_COST"><![CDATA[9000]]></COLUMN>
		<COLUMN NAME="EPISODE"><![CDATA[6]]></COLUMN>
	</ROW>
</RESULTS>