<?xml version='1.0'  encoding='UTF-8' ?>
<RESULTS>
	<ROW>
		<COLUMN NAME="TICKET_CODE"><![CDATA[ZQT8II8XUH30PLBZ04PQ]]></COLUMN>
		<COLUMN NAME="BRANCH_ID"><![CDATA[PXGOC4X0M28DDVI7SVJ1]]></COLUMN>
		<COLUMN NAME="ROOM_ID"><![CDATA[7KLNKUSL63RZW5RU1ST5]]></COLUMN>
		<COLUMN NAME="USER_ID"><![CDATA[admin]]></COLUMN>
		<COLUMN NAME="MOVIE_ID"><![CDATA[F48009]]></COLUMN>
		<COLUMN NAME="ADULT_CNT"><![CDATA[1]]></COLUMN>
		<COLUMN NAME="SEAT_NM"><![CDATA[B10]]></COLUMN>
		<COLUMN NAME="SCREEN_ID"><![CDATA[XFAULWKAIUPJMPVZBY32]]></COLUMN>
		<COLUMN NAME="PAY_STATE"><![CDATA[1]]></COLUMN>
		<COLUMN NAME="COST"><![CDATA[140]]></COLUMN>
		<COLUMN NAME="PAY_DT"><![CDATA[19/10/29]]></COLUMN>
		<COLUMN NAME="TICKET_DT"><![CDATA[19/10/29]]></COLUMN>
	</ROW>
	<ROW>
		<COLUMN NAME="TICKET_CODE"><![CDATA[NQMIMQJ6XAQBXC888J0D]]></COLUMN>
		<COLUMN NAME="BRANCH_ID"><![CDATA[PXGOC4X0M28DDVI7SVJ1]]></COLUMN>
		<COLUMN NAME="ROOM_ID"><![CDATA[7KLNKUSL63RZW5RU1ST5]]></COLUMN>
		<COLUMN NAME="USER_ID"><![CDATA[admin]]></COLUMN>
		<COLUMN NAME="MOVIE_ID"><![CDATA[F48009]]></COLUMN>
		<COLUMN NAME="ADULT_CNT"><![CDATA[1]]></COLUMN>
		<COLUMN NAME="SEAT_NM"><![CDATA[B23]]></COLUMN>
		<COLUMN NAME="SCREEN_ID"><![CDATA[XFAULWKAIUPJMPVZBY32]]></COLUMN>
		<COLUMN NAME="PAY_STATE"><![CDATA[1]]></COLUMN>
		<COLUMN NAME="COST"><![CDATA[140]]></COLUMN>
		<COLUMN NAME="PAY_DT"><![CDATA[19/10/29]]></COLUMN>
		<COLUMN NAME="TICKET_DT"><![CDATA[19/10/29]]></COLUMN>
	</ROW>
	<ROW>
		<COLUMN NAME="TICKET_CODE"><![CDATA[DUQ3AWVPET50KOY4AZB8]]></COLUMN>
		<COLUMN NAME="BRANCH_ID"><![CDATA[PXGOC4X0M28DDVI7SVJ1]]></COLUMN>
		<COLUMN NAME="ROOM_ID"><![CDATA[7KLNKUSL63RZW5RU1ST5]]></COLUMN>
		<COLUMN NAME="USER_ID"><![CDATA[admin]]></COLUMN>
		<COLUMN NAME="MOVIE_ID"><![CDATA[F48009]]></COLUMN>
		<COLUMN NAME="ADULT_CNT"><![CDATA[1]]></COLUMN>
		<COLUMN NAME="SEAT_NM"><![CDATA[B21]]></COLUMN>
		<COLUMN NAME="SCREEN_ID"><![CDATA[XFAULWKAIUPJMPVZBY32]]></COLUMN>
		<COLUMN NAME="PAY_STATE"><![CDATA[1]]></COLUMN>
		<COLUMN NAME="COST"><![CDATA[140]]></COLUMN>
		<COLUMN NAME="PAY_DT"><![CDATA[19/10/29]]></COLUMN>
		<COLUMN NAME="TICKET_DT"><![CDATA[19/10/29]]></COLUMN>
	</ROW>
	<ROW>
		<COLUMN NAME="TICKET_CODE"><![CDATA[5SXESISBNL6YYJ0LHDEF]]></COLUMN>
		<COLUMN NAME="BRANCH_ID"><![CDATA[PXGOC4X0M28DDVI7SVJ1]]></COLUMN>
		<COLUMN NAME="ROOM_ID"><![CDATA[7KLNKUSL63RZW5RU1ST5]]></COLUMN>
		<COLUMN NAME="USER_ID"><![CDATA[admin]]></COLUMN>
		<COLUMN NAME="MOVIE_ID"><![CDATA[F48009]]></COLUMN>
		<COLUMN NAME="ADULT_CNT"><![CDATA[1]]></COLUMN>
		<COLUMN NAME="SEAT_NM"><![CDATA[C21]]></COLUMN>
		<COLUMN NAME="SCREEN_ID"><![CDATA[XFAULWKAIUPJMPVZBY32]]></COLUMN>
		<COLUMN NAME="PAY_STATE"><![CDATA[1]]></COLUMN>
		<COLUMN NAME="COST"><![CDATA[140]]></COLUMN>
		<COLUMN NAME="PAY_DT"><![CDATA[19/10/29]]></COLUMN>
		<COLUMN NAME="TICKET_DT"><![CDATA[19/10/29]]></COLUMN>
	</ROW>
	<ROW>
		<COLUMN NAME="TICKET_CODE"><![CDATA[SZ9RUC8Y5BC6WM5F8ET9]]></COLUMN>
		<COLUMN NAME="BRANCH_ID"><![CDATA[PXGOC4X0M28DDVI7SVJ1]]></COLUMN>
		<COLUMN NAME="ROOM_ID"><![CDATA[7KLNKUSL63RZW5RU1ST5]]></COLUMN>
		<COLUMN NAME="USER_ID"><![CDATA[admin]]></COLUMN>
		<COLUMN NAME="MOVIE_ID"><![CDATA[F48009]]></COLUMN>
		<COLUMN NAME="ADULT_CNT"><![CDATA[1]]></COLUMN>
		<COLUMN NAME="SEAT_NM"><![CDATA[B15]]></COLUMN>
		<COLUMN NAME="SCREEN_ID"><![CDATA[XFAULWKAIUPJMPVZBY32]]></COLUMN>
		<COLUMN NAME="PAY_STATE"><![CDATA[1]]></COLUMN>
		<COLUMN NAME="COST"><![CDATA[140]]></COLUMN>
		<COLUMN NAME="PAY_DT"><![CDATA[19/10/29]]></COLUMN>
		<COLUMN NAME="TICKET_DT"><![CDATA[19/10/29]]></COLUMN>
	</ROW>
	<ROW>
		<COLUMN NAME="TICKET_CODE"><![CDATA[BQ4WTQXEPNO1I94045CX]]></COLUMN>
		<COLUMN NAME="BRANCH_ID"><![CDATA[PXGOC4X0M28DDVI7SVJ1]]></COLUMN>
		<COLUMN NAME="ROOM_ID"><![CDATA[7KLNKUSL63RZW5RU1ST5]]></COLUMN>
		<COLUMN NAME="USER_ID"><![CDATA[admin]]></COLUMN>
		<COLUMN NAME="MOVIE_ID"><![CDATA[F48009]]></COLUMN>
		<COLUMN NAME="ADULT_CNT"><![CDATA[1]]></COLUMN>
		<COLUMN NAME="SEAT_NM"><![CDATA[H17]]></COLUMN>
		<COLUMN NAME="SCREEN_ID"><![CDATA[XFAULWKAIUPJMPVZBY32]]></COLUMN>
		<COLUMN NAME="PAY_STATE"><![CDATA[1]]></COLUMN>
		<COLUMN NAME="COST"><![CDATA[140]]></COLUMN>
		<COLUMN NAME="PAY_DT"><![CDATA[19/10/29]]></COLUMN>
		<COLUMN NAME="TICKET_DT"><![CDATA[19/10/29]]></COLUMN>
	</ROW>
	<ROW>
		<COLUMN NAME="TICKET_CODE"><![CDATA[5N2NR3OF69O4HYRT22ZL]]></COLUMN>
		<COLUMN NAME="BRANCH_ID"><![CDATA[5GI7FHGP1AM1ZPERNUIG]]></COLUMN>
		<COLUMN NAME="ROOM_ID"><![CDATA[ZHLQ3WQBXG9UKQQWQB3M]]></COLUMN>
		<COLUMN NAME="USER_ID"><![CDATA[syji999]]></COLUMN>
		<COLUMN NAME="MOVIE_ID"><![CDATA[F48335]]></COLUMN>
		<COLUMN NAME="ADULT_CNT"><![CDATA[1]]></COLUMN>
		<COLUMN NAME="SEAT_NM"><![CDATA[I13]]></COLUMN>
		<COLUMN NAME="SCREEN_ID"><![CDATA[PW0QS5Q5F9GTJLGUTOQQ]]></COLUMN>
		<COLUMN NAME="PAY_STATE"><![CDATA[1]]></COLUMN>
		<COLUMN NAME="COST"><![CDATA[28000]]></COLUMN>
		<COLUMN NAME="PAY_DT"><![CDATA[19/10/29]]></COLUMN>
		<COLUMN NAME="TICKET_DT"><![CDATA[19/10/29]]></COLUMN>
	</ROW>
	<ROW>
		<COLUMN NAME="TICKET_CODE"><![CDATA[AETOI4QBB1AILJDBQ1ZN]]></COLUMN>
		<COLUMN NAME="BRANCH_ID"><![CDATA[5GI7FHGP1AM1ZPERNUIG]]></COLUMN>
		<COLUMN NAME="ROOM_ID"><![CDATA[ZHLQ3WQBXG9UKQQWQB3M]]></COLUMN>
		<COLUMN NAME="USER_ID"><![CDATA[syji999]]></COLUMN>
		<COLUMN NAME="MOVIE_ID"><![CDATA[F48335]]></COLUMN>
		<COLUMN NAME="ADULT_CNT"><![CDATA[1]]></COLUMN>
		<COLUMN NAME="SEAT_NM"><![CDATA[I14]]></COLUMN>
		<COLUMN NAME="SCREEN_ID"><![CDATA[PW0QS5Q5F9GTJLGUTOQQ]]></COLUMN>
		<COLUMN NAME="PAY_STATE"><![CDATA[1]]></COLUMN>
		<COLUMN NAME="COST"><![CDATA[28000]]></COLUMN>
		<COLUMN NAME="PAY_DT"><![CDATA[19/10/29]]></COLUMN>
		<COLUMN NAME="TICKET_DT"><![CDATA[19/10/29]]></COLUMN>
	</ROW>
	<ROW>
		<COLUMN NAME="TICKET_CODE"><![CDATA[GCFT1GIT72U4UOD8C6JZ]]></COLUMN>
		<COLUMN NAME="BRANCH_ID"><![CDATA[PXGOC4X0M28DDVI7SVJ1]]></COLUMN>
		<COLUMN NAME="ROOM_ID"><![CDATA[7KLNKUSL63RZW5RU1ST5]]></COLUMN>
		<COLUMN NAME="USER_ID"><![CDATA[admin]]></COLUMN>
		<COLUMN NAME="MOVIE_ID"><![CDATA[F48009]]></COLUMN>
		<COLUMN NAME="ADULT_CNT"><![CDATA[1]]></COLUMN>
		<COLUMN NAME="SEAT_NM"><![CDATA[B20]]></COLUMN>
		<COLUMN NAME="SCREEN_ID"><![CDATA[XFAULWKAIUPJMPVZBY32]]></COLUMN>
		<COLUMN NAME="PAY_STATE"><![CDATA[1]]></COLUMN>
		<COLUMN NAME="COST"><![CDATA[140]]></COLUMN>
		<COLUMN NAME="PAY_DT"><![CDATA[19/10/29]]></COLUMN>
		<COLUMN NAME="TICKET_DT"><![CDATA[19/10/29]]></COLUMN>
	</ROW>
	<ROW>
		<COLUMN NAME="TICKET_CODE"><![CDATA[PQA3IOOWP67SBJVFB8XH]]></COLUMN>
		<COLUMN NAME="BRANCH_ID"><![CDATA[PXGOC4X0M28DDVI7SVJ1]]></COLUMN>
		<COLUMN NAME="ROOM_ID"><![CDATA[7KLNKUSL63RZW5RU1ST5]]></COLUMN>
		<COLUMN NAME="USER_ID"><![CDATA[admin]]></COLUMN>
		<COLUMN NAME="MOVIE_ID"><![CDATA[F48009]]></COLUMN>
		<COLUMN NAME="ADULT_CNT"><![CDATA[1]]></COLUMN>
		<COLUMN NAME="SEAT_NM"><![CDATA[B9]]></COLUMN>
		<COLUMN NAME="SCREEN_ID"><![CDATA[XFAULWKAIUPJMPVZBY32]]></COLUMN>
		<COLUMN NAME="PAY_STATE"><![CDATA[1]]></COLUMN>
		<COLUMN NAME="COST"><![CDATA[140]]></COLUMN>
		<COLUMN NAME="PAY_DT"><![CDATA[19/10/29]]></COLUMN>
		<COLUMN NAME="TICKET_DT"><![CDATA[19/10/29]]></COLUMN>
	</ROW>
	<ROW>
		<COLUMN NAME="TICKET_CODE"><![CDATA[8W80W6W5BX6AXYHQKVTS]]></COLUMN>
		<COLUMN NAME="BRANCH_ID"><![CDATA[5GI7FHGP1AM1ZPERNUIG]]></COLUMN>
		<COLUMN NAME="ROOM_ID"><![CDATA[ZHLQ3WQBXG9UKQQWQB3M]]></COLUMN>
		<COLUMN NAME="USER_ID"><![CDATA[admin]]></COLUMN>
		<COLUMN NAME="MOVIE_ID"><![CDATA[F48335]]></COLUMN>
		<COLUMN NAME="ADULT_CNT"><![CDATA[1]]></COLUMN>
		<COLUMN NAME="SEAT_NM"><![CDATA[C12]]></COLUMN>
		<COLUMN NAME="SCREEN_ID"><![CDATA[IYBHXWZA3OK69J5V2YFS]]></COLUMN>
		<COLUMN NAME="PAY_STATE"><![CDATA[1]]></COLUMN>
		<COLUMN NAME="COST"><![CDATA[22000]]></COLUMN>
		<COLUMN NAME="PAY_DT"><![CDATA[19/10/29]]></COLUMN>
		<COLUMN NAME="TICKET_DT"><![CDATA[19/10/29]]></COLUMN>
	</ROW>
	<ROW>
		<COLUMN NAME="TICKET_CODE"><![CDATA[W4JHUY70V70159J6SHBT]]></COLUMN>
		<COLUMN NAME="BRANCH_ID"><![CDATA[5GI7FHGP1AM1ZPERNUIG]]></COLUMN>
		<COLUMN NAME="ROOM_ID"><![CDATA[ZHLQ3WQBXG9UKQQWQB3M]]></COLUMN>
		<COLUMN NAME="USER_ID"><![CDATA[admin]]></COLUMN>
		<COLUMN NAME="MOVIE_ID"><![CDATA[F48335]]></COLUMN>
		<COLUMN NAME="ADULT_CNT"><![CDATA[1]]></COLUMN>
		<COLUMN NAME="SEAT_NM"><![CDATA[C13]]></COLUMN>
		<COLUMN NAME="SCREEN_ID"><![CDATA[IYBHXWZA3OK69J5V2YFS]]></COLUMN>
		<COLUMN NAME="PAY_STATE"><![CDATA[1]]></COLUMN>
		<COLUMN NAME="COST"><![CDATA[22000]]></COLUMN>
		<COLUMN NAME="PAY_DT"><![CDATA[19/10/29]]></COLUMN>
		<COLUMN NAME="TICKET_DT"><![CDATA[19/10/29]]></COLUMN>
	</ROW>
	<ROW>
		<COLUMN NAME="TICKET_CODE"><![CDATA[ZC7ULB3UGN88AV73UF0S]]></COLUMN>
		<COLUMN NAME="BRANCH_ID"><![CDATA[5GI7FHGP1AM1ZPERNUIG]]></COLUMN>
		<COLUMN NAME="ROOM_ID"><![CDATA[ZGY13KBN1SDIA3LRKQIF]]></COLUMN>
		<COLUMN NAME="USER_ID"><![CDATA[syji999]]></COLUMN>
		<COLUMN NAME="MOVIE_ID"><![CDATA[F48336]]></COLUMN>
		<COLUMN NAME="ADULT_CNT"><![CDATA[1]]></COLUMN>
		<COLUMN NAME="SEAT_NM"><![CDATA[D13]]></COLUMN>
		<COLUMN NAME="SCREEN_ID"><![CDATA[6UOD8VWF7BDON3HTENDE]]></COLUMN>
		<COLUMN NAME="PAY_STATE"><![CDATA[1]]></COLUMN>
		<COLUMN NAME="COST"><![CDATA[22000]]></COLUMN>
		<COLUMN NAME="PAY_DT"><![CDATA[19/10/29]]></COLUMN>
		<COLUMN NAME="TICKET_DT"><![CDATA[19/10/29]]></COLUMN>
	</ROW>
	<ROW>
		<COLUMN NAME="TICKET_CODE"><![CDATA[EW6G7QHPFSJK80NIFNCB]]></COLUMN>
		<COLUMN NAME="BRANCH_ID"><![CDATA[5GI7FHGP1AM1ZPERNUIG]]></COLUMN>
		<COLUMN NAME="ROOM_ID"><![CDATA[ZGY13KBN1SDIA3LRKQIF]]></COLUMN>
		<COLUMN NAME="USER_ID"><![CDATA[syji999]]></COLUMN>
		<COLUMN NAME="MOVIE_ID"><![CDATA[F48336]]></COLUMN>
		<COLUMN NAME="ADULT_CNT"><![CDATA[1]]></COLUMN>
		<COLUMN NAME="SEAT_NM"><![CDATA[D14]]></COLUMN>
		<COLUMN NAME="SCREEN_ID"><![CDATA[6UOD8VWF7BDON3HTENDE]]></COLUMN>
		<COLUMN NAME="PAY_STATE"><![CDATA[1]]></COLUMN>
		<COLUMN NAME="COST"><![CDATA[22000]]></COLUMN>
		<COLUMN NAME="PAY_DT"><![CDATA[19/10/29]]></COLUMN>
		<COLUMN NAME="TICKET_DT"><![CDATA[19/10/29]]></COLUMN>
	</ROW>
	<ROW>
		<COLUMN NAME="TICKET_CODE"><![CDATA[XAZH8YA6UUGA1V9NZQI8]]></COLUMN>
		<COLUMN NAME="BRANCH_ID"><![CDATA[5GI7FHGP1AM1ZPERNUIG]]></COLUMN>
		<COLUMN NAME="ROOM_ID"><![CDATA[7KLNKUSL63RZW5RU1ST5]]></COLUMN>
		<COLUMN NAME="USER_ID"><![CDATA[admin]]></COLUMN>
		<COLUMN NAME="MOVIE_ID"><![CDATA[F49438]]></COLUMN>
		<COLUMN NAME="ADULT_CNT"><![CDATA[0]]></COLUMN>
		<COLUMN NAME="SEAT_NM"><![CDATA[D15]]></COLUMN>
		<COLUMN NAME="SCREEN_ID"><![CDATA[INIXMS49UOVBACBMG1JK]]></COLUMN>
		<COLUMN NAME="PAY_STATE"><![CDATA[1]]></COLUMN>
		<COLUMN NAME="COST"><![CDATA[7]]></COLUMN>
		<COLUMN NAME="PAY_DT"><![CDATA[19/10/29]]></COLUMN>
		<COLUMN NAME="TICKET_DT"><![CDATA[19/10/29]]></COLUMN>
	</ROW>
	<ROW>
		<COLUMN NAME="TICKET_CODE"><![CDATA[RGRF3I8E3EQHC8GQMS3H]]></COLUMN>
		<COLUMN NAME="BRANCH_ID"><![CDATA[5GI7FHGP1AM1ZPERNUIG]]></COLUMN>
		<COLUMN NAME="ROOM_ID"><![CDATA[7KLNKUSL63RZW5RU1ST5]]></COLUMN>
		<COLUMN NAME="USER_ID"><![CDATA[admin]]></COLUMN>
		<COLUMN NAME="MOVIE_ID"><![CDATA[F49438]]></COLUMN>
		<COLUMN NAME="ADULT_CNT"><![CDATA[0]]></COLUMN>
		<COLUMN NAME="SEAT_NM"><![CDATA[D16]]></COLUMN>
		<COLUMN NAME="SCREEN_ID"><![CDATA[INIXMS49UOVBACBMG1JK]]></COLUMN>
		<COLUMN NAME="PAY_STATE"><![CDATA[1]]></COLUMN>
		<COLUMN NAME="COST"><![CDATA[7]]></COLUMN>
		<COLUMN NAME="PAY_DT"><![CDATA[19/10/29]]></COLUMN>
		<COLUMN NAME="TICKET_DT"><![CDATA[19/10/29]]></COLUMN>
	</ROW>
	<ROW>
		<COLUMN NAME="TICKET_CODE"><![CDATA[NKJWJ4YA2TV8IAZ0S8VC]]></COLUMN>
		<COLUMN NAME="BRANCH_ID"><![CDATA[5GI7FHGP1AM1ZPERNUIG]]></COLUMN>
		<COLUMN NAME="ROOM_ID"><![CDATA[7KLNKUSL63RZW5RU1ST5]]></COLUMN>
		<COLUMN NAME="USER_ID"><![CDATA[admin]]></COLUMN>
		<COLUMN NAME="MOVIE_ID"><![CDATA[F49438]]></COLUMN>
		<COLUMN NAME="ADULT_CNT"><![CDATA[0]]></COLUMN>
		<COLUMN NAME="SEAT_NM"><![CDATA[B16]]></COLUMN>
		<COLUMN NAME="SCREEN_ID"><![CDATA[INIXMS49UOVBACBMG1JK]]></COLUMN>
		<COLUMN NAME="PAY_STATE"><![CDATA[1]]></COLUMN>
		<COLUMN NAME="COST"><![CDATA[7]]></COLUMN>
		<COLUMN NAME="PAY_DT"><![CDATA[19/10/29]]></COLUMN>
		<COLUMN NAME="TICKET_DT"><![CDATA[19/10/29]]></COLUMN>
	</ROW>
	<ROW>
		<COLUMN NAME="TICKET_CODE"><![CDATA[YJDKPJBT9B1OF18CYEFA]]></COLUMN>
		<COLUMN NAME="BRANCH_ID"><![CDATA[5GI7FHGP1AM1ZPERNUIG]]></COLUMN>
		<COLUMN NAME="ROOM_ID"><![CDATA[7KLNKUSL63RZW5RU1ST5]]></COLUMN>
		<COLUMN NAME="USER_ID"><![CDATA[admin]]></COLUMN>
		<COLUMN NAME="MOVIE_ID"><![CDATA[F49438]]></COLUMN>
		<COLUMN NAME="ADULT_CNT"><![CDATA[0]]></COLUMN>
		<COLUMN NAME="SEAT_NM"><![CDATA[D14]]></COLUMN>
		<COLUMN NAME="SCREEN_ID"><![CDATA[INIXMS49UOVBACBMG1JK]]></COLUMN>
		<COLUMN NAME="PAY_STATE"><![CDATA[1]]></COLUMN>
		<COLUMN NAME="COST"><![CDATA[7]]></COLUMN>
		<COLUMN NAME="PAY_DT"><![CDATA[19/10/29]]></COLUMN>
		<COLUMN NAME="TICKET_DT"><![CDATA[19/10/29]]></COLUMN>
	</ROW>
	<ROW>
		<COLUMN NAME="TICKET_CODE"><![CDATA[ML0M10AOKYANW78DDC1B]]></COLUMN>
		<COLUMN NAME="BRANCH_ID"><![CDATA[5GI7FHGP1AM1ZPERNUIG]]></COLUMN>
		<COLUMN NAME="ROOM_ID"><![CDATA[7KLNKUSL63RZW5RU1ST5]]></COLUMN>
		<COLUMN NAME="USER_ID"><![CDATA[admin]]></COLUMN>
		<COLUMN NAME="MOVIE_ID"><![CDATA[F49438]]></COLUMN>
		<COLUMN NAME="ADULT_CNT"><![CDATA[0]]></COLUMN>
		<COLUMN NAME="SEAT_NM"><![CDATA[B14]]></COLUMN>
		<COLUMN NAME="SCREEN_ID"><![CDATA[INIXMS49UOVBACBMG1JK]]></COLUMN>
		<COLUMN NAME="PAY_STATE"><![CDATA[1]]></COLUMN>
		<COLUMN NAME="COST"><![CDATA[7]]></COLUMN>
		<COLUMN NAME="PAY_DT"><![CDATA[19/10/29]]></COLUMN>
		<COLUMN NAME="TICKET_DT"><![CDATA[19/10/29]]></COLUMN>
	</ROW>
	<ROW>
		<COLUMN NAME="TICKET_CODE"><![CDATA[LMCMW1Z5TD0L0GXK4GOY]]></COLUMN>
		<COLUMN NAME="BRANCH_ID"><![CDATA[5GI7FHGP1AM1ZPERNUIG]]></COLUMN>
		<COLUMN NAME="ROOM_ID"><![CDATA[7KLNKUSL63RZW5RU1ST5]]></COLUMN>
		<COLUMN NAME="USER_ID"><![CDATA[admin]]></COLUMN>
		<COLUMN NAME="MOVIE_ID"><![CDATA[F49438]]></COLUMN>
		<COLUMN NAME="ADULT_CNT"><![CDATA[0]]></COLUMN>
		<COLUMN NAME="SEAT_NM"><![CDATA[B15]]></COLUMN>
		<COLUMN NAME="SCREEN_ID"><![CDATA[INIXMS49UOVBACBMG1JK]]></COLUMN>
		<COLUMN NAME="PAY_STATE"><![CDATA[1]]></COLUMN>
		<COLUMN NAME="COST"><![CDATA[7]]></COLUMN>
		<COLUMN NAME="PAY_DT"><![CDATA[19/10/29]]></COLUMN>
		<COLUMN NAME="TICKET_DT"><![CDATA[19/10/29]]></COLUMN>
	</ROW>
	<ROW>
		<COLUMN NAME="TICKET_CODE"><![CDATA[M97KM33OI0U5YM1IN5CJ]]></COLUMN>
		<COLUMN NAME="BRANCH_ID"><![CDATA[5GI7FHGP1AM1ZPERNUIG]]></COLUMN>
		<COLUMN NAME="ROOM_ID"><![CDATA[7PWIB9L0KY55NJ0YHO5Y]]></COLUMN>
		<COLUMN NAME="USER_ID"><![CDATA[admin]]></COLUMN>
		<COLUMN NAME="MOVIE_ID"><![CDATA[F49287]]></COLUMN>
		<COLUMN NAME="ADULT_CNT"><![CDATA[1]]></COLUMN>
		<COLUMN NAME="SEAT_NM"><![CDATA[D11]]></COLUMN>
		<COLUMN NAME="SCREEN_ID"><![CDATA[NM688IY71027LD97962L]]></COLUMN>
		<COLUMN NAME="PAY_STATE"><![CDATA[1]]></COLUMN>
		<COLUMN NAME="COST"><![CDATA[16000]]></COLUMN>
		<COLUMN NAME="PAY_DT"><![CDATA[19/10/29]]></COLUMN>
		<COLUMN NAME="TICKET_DT"><![CDATA[19/10/29]]></COLUMN>
	</ROW>
	<ROW>
		<COLUMN NAME="TICKET_CODE"><![CDATA[CQXW6XSW2H5007JAQ9WQ]]></COLUMN>
		<COLUMN NAME="BRANCH_ID"><![CDATA[5GI7FHGP1AM1ZPERNUIG]]></COLUMN>
		<COLUMN NAME="ROOM_ID"><![CDATA[7PWIB9L0KY55NJ0YHO5Y]]></COLUMN>
		<COLUMN NAME="USER_ID"><![CDATA[syji999]]></COLUMN>
		<COLUMN NAME="MOVIE_ID"><![CDATA[F49287]]></COLUMN>
		<COLUMN NAME="ADULT_CNT"><![CDATA[1]]></COLUMN>
		<COLUMN NAME="SEAT_NM"><![CDATA[F15]]></COLUMN>
		<COLUMN NAME="SCREEN_ID"><![CDATA[NM688IY71027LD97962L]]></COLUMN>
		<COLUMN NAME="PAY_STATE"><![CDATA[1]]></COLUMN>
		<COLUMN NAME="COST"><![CDATA[16000]]></COLUMN>
		<COLUMN NAME="PAY_DT"><![CDATA[19/10/29]]></COLUMN>
		<COLUMN NAME="TICKET_DT"><![CDATA[19/10/29]]></COLUMN>
	</ROW>
	<ROW>
		<COLUMN NAME="TICKET_CODE"><![CDATA[VSYO7TINBPWDYUK0M5UH]]></COLUMN>
		<COLUMN NAME="BRANCH_ID"><![CDATA[PXGOC4X0M28DDVI7SVJ1]]></COLUMN>
		<COLUMN NAME="ROOM_ID"><![CDATA[7KLNKUSL63RZW5RU1ST5]]></COLUMN>
		<COLUMN NAME="USER_ID"><![CDATA[admin]]></COLUMN>
		<COLUMN NAME="MOVIE_ID"><![CDATA[F48009]]></COLUMN>
		<COLUMN NAME="ADULT_CNT"><![CDATA[1]]></COLUMN>
		<COLUMN NAME="SEAT_NM"><![CDATA[B7]]></COLUMN>
		<COLUMN NAME="SCREEN_ID"><![CDATA[XFAULWKAIUPJMPVZBY32]]></COLUMN>
		<COLUMN NAME="PAY_STATE"><![CDATA[1]]></COLUMN>
		<COLUMN NAME="COST"><![CDATA[140]]></COLUMN>
		<COLUMN NAME="PAY_DT"><![CDATA[19/10/29]]></COLUMN>
		<COLUMN NAME="TICKET_DT"><![CDATA[19/10/29]]></COLUMN>
	</ROW>
	<ROW>
		<COLUMN NAME="TICKET_CODE"><![CDATA[JMFMEHAMN4ZU7L92AOQ4]]></COLUMN>
		<COLUMN NAME="BRANCH_ID"><![CDATA[5GI7FHGP1AM1ZPERNUIG]]></COLUMN>
		<COLUMN NAME="ROOM_ID"><![CDATA[9T8BE7TKFW75C0Z542RA]]></COLUMN>
		<COLUMN NAME="USER_ID"><![CDATA[admin]]></COLUMN>
		<COLUMN NAME="MOVIE_ID"><![CDATA[F48336]]></COLUMN>
		<COLUMN NAME="ADULT_CNT"><![CDATA[0]]></COLUMN>
		<COLUMN NAME="SEAT_NM"><![CDATA[H14]]></COLUMN>
		<COLUMN NAME="SCREEN_ID"><![CDATA[69D1YD9MRM9IT71Z4MIM]]></COLUMN>
		<COLUMN NAME="PAY_STATE"><![CDATA[1]]></COLUMN>
		<COLUMN NAME="COST"><![CDATA[5000]]></COLUMN>
		<COLUMN NAME="PAY_DT"><![CDATA[19/10/29]]></COLUMN>
		<COLUMN NAME="TICKET_DT"><![CDATA[19/10/29]]></COLUMN>
	</ROW>
	<ROW>
		<COLUMN NAME="TICKET_CODE"><![CDATA[2JGFZZZSG934U82Z5X89]]></COLUMN>
		<COLUMN NAME="BRANCH_ID"><![CDATA[PXGOC4X0M28DDVI7SVJ1]]></COLUMN>
		<COLUMN NAME="ROOM_ID"><![CDATA[7KLNKUSL63RZW5RU1ST5]]></COLUMN>
		<COLUMN NAME="USER_ID"><![CDATA[admin]]></COLUMN>
		<COLUMN NAME="MOVIE_ID"><![CDATA[F48009]]></COLUMN>
		<COLUMN NAME="ADULT_CNT"><![CDATA[1]]></COLUMN>
		<COLUMN NAME="SEAT_NM"><![CDATA[F9]]></COLUMN>
		<COLUMN NAME="SCREEN_ID"><![CDATA[XFAULWKAIUPJMPVZBY32]]></COLUMN>
		<COLUMN NAME="PAY_STATE"><![CDATA[1]]></COLUMN>
		<COLUMN NAME="COST"><![CDATA[140]]></COLUMN>
		<COLUMN NAME="PAY_DT"><![CDATA[19/10/29]]></COLUMN>
		<COLUMN NAME="TICKET_DT"><![CDATA[19/10/29]]></COLUMN>
	</ROW>
	<ROW>
		<COLUMN NAME="TICKET_CODE"><![CDATA[MP306P62PR2EZUKADY2A]]></COLUMN>
		<COLUMN NAME="BRANCH_ID"><![CDATA[PXGOC4X0M28DDVI7SVJ1]]></COLUMN>
		<COLUMN NAME="ROOM_ID"><![CDATA[7KLNKUSL63RZW5RU1ST5]]></COLUMN>
		<COLUMN NAME="USER_ID"><![CDATA[admin]]></COLUMN>
		<COLUMN NAME="MOVIE_ID"><![CDATA[F48009]]></COLUMN>
		<COLUMN NAME="ADULT_CNT"><![CDATA[1]]></COLUMN>
		<COLUMN NAME="SEAT_NM"><![CDATA[B6]]></COLUMN>
		<COLUMN NAME="SCREEN_ID"><![CDATA[XFAULWKAIUPJMPVZBY32]]></COLUMN>
		<COLUMN NAME="PAY_STATE"><![CDATA[1]]></COLUMN>
		<COLUMN NAME="COST"><![CDATA[140]]></COLUMN>
		<COLUMN NAME="PAY_DT"><![CDATA[19/10/29]]></COLUMN>
		<COLUMN NAME="TICKET_DT"><![CDATA[19/10/29]]></COLUMN>
	</ROW>
	<ROW>
		<COLUMN NAME="TICKET_CODE"><![CDATA[PV6E4O5HDXGRNCA2H4RW]]></COLUMN>
		<COLUMN NAME="BRANCH_ID"><![CDATA[PXGOC4X0M28DDVI7SVJ1]]></COLUMN>
		<COLUMN NAME="ROOM_ID"><![CDATA[7KLNKUSL63RZW5RU1ST5]]></COLUMN>
		<COLUMN NAME="USER_ID"><![CDATA[admin]]></COLUMN>
		<COLUMN NAME="MOVIE_ID"><![CDATA[F48009]]></COLUMN>
		<COLUMN NAME="ADULT_CNT"><![CDATA[1]]></COLUMN>
		<COLUMN NAME="SEAT_NM"><![CDATA[C9]]></COLUMN>
		<COLUMN NAME="SCREEN_ID"><![CDATA[XFAULWKAIUPJMPVZBY32]]></COLUMN>
		<COLUMN NAME="PAY_STATE"><![CDATA[1]]></COLUMN>
		<COLUMN NAME="COST"><![CDATA[140]]></COLUMN>
		<COLUMN NAME="PAY_DT"><![CDATA[19/10/29]]></COLUMN>
		<COLUMN NAME="TICKET_DT"><![CDATA[19/10/29]]></COLUMN>
	</ROW>
	<ROW>
		<COLUMN NAME="TICKET_CODE"><![CDATA[LK1AJGNBTNBB10VQE9IK]]></COLUMN>
		<COLUMN NAME="BRANCH_ID"><![CDATA[PXGOC4X0M28DDVI7SVJ1]]></COLUMN>
		<COLUMN NAME="ROOM_ID"><![CDATA[7KLNKUSL63RZW5RU1ST5]]></COLUMN>
		<COLUMN NAME="USER_ID"><![CDATA[admin]]></COLUMN>
		<COLUMN NAME="MOVIE_ID"><![CDATA[F48009]]></COLUMN>
		<COLUMN NAME="ADULT_CNT"><![CDATA[1]]></COLUMN>
		<COLUMN NAME="SEAT_NM"><![CDATA[B14]]></COLUMN>
		<COLUMN NAME="SCREEN_ID"><![CDATA[XFAULWKAIUPJMPVZBY32]]></COLUMN>
		<COLUMN NAME="PAY_STATE"><![CDATA[1]]></COLUMN>
		<COLUMN NAME="COST"><![CDATA[140]]></COLUMN>
		<COLUMN NAME="PAY_DT"><![CDATA[19/10/29]]></COLUMN>
		<COLUMN NAME="TICKET_DT"><![CDATA[19/10/29]]></COLUMN>
	</ROW>
	<ROW>
		<COLUMN NAME="TICKET_CODE"><![CDATA[MMUC4CGHZB6YJ4L8CUQY]]></COLUMN>
		<COLUMN NAME="BRANCH_ID"><![CDATA[PXGOC4X0M28DDVI7SVJ1]]></COLUMN>
		<COLUMN NAME="ROOM_ID"><![CDATA[7KLNKUSL63RZW5RU1ST5]]></COLUMN>
		<COLUMN NAME="USER_ID"><![CDATA[admin]]></COLUMN>
		<COLUMN NAME="MOVIE_ID"><![CDATA[F48009]]></COLUMN>
		<COLUMN NAME="ADULT_CNT"><![CDATA[1]]></COLUMN>
		<COLUMN NAME="SEAT_NM"><![CDATA[H13]]></COLUMN>
		<COLUMN NAME="SCREEN_ID"><![CDATA[XFAULWKAIUPJMPVZBY32]]></COLUMN>
		<COLUMN NAME="PAY_STATE"><![CDATA[1]]></COLUMN>
		<COLUMN NAME="COST"><![CDATA[140]]></COLUMN>
		<COLUMN NAME="PAY_DT"><![CDATA[19/10/29]]></COLUMN>
		<COLUMN NAME="TICKET_DT"><![CDATA[19/10/29]]></COLUMN>
	</ROW>
	<ROW>
		<COLUMN NAME="TICKET_CODE"><![CDATA[OFKTWAPPAFQQNCG45L61]]></COLUMN>
		<COLUMN NAME="BRANCH_ID"><![CDATA[5GI7FHGP1AM1ZPERNUIG]]></COLUMN>
		<COLUMN NAME="ROOM_ID"><![CDATA[7PWIB9L0KY55NJ0YHO5Y]]></COLUMN>
		<COLUMN NAME="USER_ID"><![CDATA[admin]]></COLUMN>
		<COLUMN NAME="MOVIE_ID"><![CDATA[F49287]]></COLUMN>
		<COLUMN NAME="ADULT_CNT"><![CDATA[1]]></COLUMN>
		<COLUMN NAME="SEAT_NM"><![CDATA[D10]]></COLUMN>
		<COLUMN NAME="SCREEN_ID"><![CDATA[NM688IY71027LD97962L]]></COLUMN>
		<COLUMN NAME="PAY_STATE"><![CDATA[1]]></COLUMN>
		<COLUMN NAME="COST"><![CDATA[16000]]></COLUMN>
		<COLUMN NAME="PAY_DT"><![CDATA[19/10/29]]></COLUMN>
		<COLUMN NAME="TICKET_DT"><![CDATA[19/10/29]]></COLUMN>
	</ROW>
	<ROW>
		<COLUMN NAME="TICKET_CODE"><![CDATA[XDDM9P5ADTHC4J0DANBF]]></COLUMN>
		<COLUMN NAME="BRANCH_ID"><![CDATA[5GI7FHGP1AM1ZPERNUIG]]></COLUMN>
		<COLUMN NAME="ROOM_ID"><![CDATA[7PWIB9L0KY55NJ0YHO5Y]]></COLUMN>
		<COLUMN NAME="USER_ID"><![CDATA[syji999]]></COLUMN>
		<COLUMN NAME="MOVIE_ID"><![CDATA[F49287]]></COLUMN>
		<COLUMN NAME="ADULT_CNT"><![CDATA[1]]></COLUMN>
		<COLUMN NAME="SEAT_NM"><![CDATA[F14]]></COLUMN>
		<COLUMN NAME="SCREEN_ID"><![CDATA[NM688IY71027LD97962L]]></COLUMN>
		<COLUMN NAME="PAY_STATE"><![CDATA[1]]></COLUMN>
		<COLUMN NAME="COST"><![CDATA[16000]]></COLUMN>
		<COLUMN NAME="PAY_DT"><![CDATA[19/10/29]]></COLUMN>
		<COLUMN NAME="TICKET_DT"><![CDATA[19/10/29]]></COLUMN>
	</ROW>
</RESULTS>