<?xml version='1.0'  encoding='UTF-8' ?>
<RESULTS>
	<ROW>
		<COLUMN NAME="COUPON_CODE"><![CDATA[hODFQPVdSFhrgsQ]]></COLUMN>
		<COLUMN NAME="USER_ID"><![CDATA[syji999]]></COLUMN>
		<COLUMN NAME="COUPON_NM"><![CDATA[영화 3천원 할인쿠폰]]></COLUMN>
		<COLUMN NAME="USABLE"><![CDATA[1]]></COLUMN>
		<COLUMN NAME="USE_DT"><![CDATA[19/11/29]]></COLUMN>
		<COLUMN NAME="DISCOUNT"><![CDATA[3000]]></COLUMN>
		<COLUMN NAME="REG_DT"><![CDATA[19/10/29]]></COLUMN>
	</ROW>
	<ROW>
		<COLUMN NAME="COUPON_CODE"><![CDATA[BuzisbpgEuuCYjS]]></COLUMN>
		<COLUMN NAME="USER_ID"><![CDATA[j04_126]]></COLUMN>
		<COLUMN NAME="COUPON_NM"><![CDATA[영화 3천원 할인쿠폰]]></COLUMN>
		<COLUMN NAME="USABLE"><![CDATA[0]]></COLUMN>
		<COLUMN NAME="USE_DT"><![CDATA[19/11/29]]></COLUMN>
		<COLUMN NAME="DISCOUNT"><![CDATA[3000]]></COLUMN>
		<COLUMN NAME="REG_DT"><![CDATA[19/10/29]]></COLUMN>
	</ROW>
	<ROW>
		<COLUMN NAME="COUPON_CODE"><![CDATA[mCihwvmEDfChbox]]></COLUMN>
		<COLUMN NAME="USER_ID"><![CDATA[j02_126]]></COLUMN>
		<COLUMN NAME="COUPON_NM"><![CDATA[영화 3천원 할인쿠폰]]></COLUMN>
		<COLUMN NAME="USABLE"><![CDATA[0]]></COLUMN>
		<COLUMN NAME="USE_DT"><![CDATA[19/11/29]]></COLUMN>
		<COLUMN NAME="DISCOUNT"><![CDATA[3000]]></COLUMN>
		<COLUMN NAME="REG_DT"><![CDATA[19/10/29]]></COLUMN>
	</ROW>
	<ROW>
		<COLUMN NAME="COUPON_CODE"><![CDATA[ABCABCABCABCABCACBAC]]></COLUMN>
		<COLUMN NAME="USER_ID"><![CDATA[admin]]></COLUMN>
		<COLUMN NAME="COUPON_NM"><![CDATA[김쿠폰]]></COLUMN>
		<COLUMN NAME="USABLE"><![CDATA[1]]></COLUMN>
		<COLUMN NAME="USE_DT"><![CDATA[19/12/21]]></COLUMN>
		<COLUMN NAME="DISCOUNT"><![CDATA[1]]></COLUMN>
		<COLUMN NAME="REG_DT"><![CDATA[19/10/01]]></COLUMN>
	</ROW>
	<ROW>
		<COLUMN NAME="COUPON_CODE"><![CDATA[hXxPfDZgFjvalAu]]></COLUMN>
		<COLUMN NAME="USER_ID"><![CDATA[j04_126]]></COLUMN>
		<COLUMN NAME="COUPON_NM"><![CDATA[영화 3천원 할인쿠폰]]></COLUMN>
		<COLUMN NAME="USABLE"><![CDATA[0]]></COLUMN>
		<COLUMN NAME="USE_DT"><![CDATA[19/11/29]]></COLUMN>
		<COLUMN NAME="DISCOUNT"><![CDATA[3000]]></COLUMN>
		<COLUMN NAME="REG_DT"><![CDATA[19/10/29]]></COLUMN>
	</ROW>
</RESULTS>