<?xml version='1.0'  encoding='UTF-8' ?>
<RESULTS>
	<ROW>
		<COLUMN NAME="USER_ID"><![CDATA[아이디]]></COLUMN>
		<COLUMN NAME="PASSWD"><![CDATA[1234]]></COLUMN>
		<COLUMN NAME="USER_NAME"><![CDATA[이름]]></COLUMN>
		<COLUMN NAME="EMAIL"><![CDATA[d4xzIa26oltV3ZmFKRgYpY3hIFmZaB8T5uQSiUABwuU=]]></COLUMN>
		<COLUMN NAME="USER_LEVEL"><![CDATA[BASIC]]></COLUMN>
		<COLUMN NAME="POINT"><![CDATA[0]]></COLUMN>
		<COLUMN NAME="CELLPHONE"><![CDATA[aBTe1XB8vR3YCV0copFzEA==]]></COLUMN>
		<COLUMN NAME="BIRTH"><![CDATA[생일  ]]></COLUMN>
		<COLUMN NAME="REG_DT"><![CDATA[19/10/23]]></COLUMN>
		<COLUMN NAME="TOTAL_PAY"><![CDATA[0]]></COLUMN>
		<COLUMN NAME="FLAG"><![CDATA[0]]></COLUMN>
	</ROW>
	<ROW>
		<COLUMN NAME="USER_ID"><![CDATA[lhj]]></COLUMN>
		<COLUMN NAME="PASSWD"><![CDATA[123]]></COLUMN>
		<COLUMN NAME="USER_NAME"><![CDATA[이혜준]]></COLUMN>
		<COLUMN NAME="EMAIL"><![CDATA[d4xzIa26oltV3ZmFKRgYpY3hIFmZaB8T5uQSiUABwuU=]]></COLUMN>
		<COLUMN NAME="USER_LEVEL"><![CDATA[BASIC]]></COLUMN>
		<COLUMN NAME="POINT"><![CDATA[0]]></COLUMN>
		<COLUMN NAME="CELLPHONE"><![CDATA[aBTe1XB8vR3YCV0copFzEA==]]></COLUMN>
		<COLUMN NAME="BIRTH"><![CDATA[19960904]]></COLUMN>
		<COLUMN NAME="REG_DT"><![CDATA[19/10/16]]></COLUMN>
		<COLUMN NAME="TOTAL_PAY"><![CDATA[0]]></COLUMN>
		<COLUMN NAME="FLAG"><![CDATA[0]]></COLUMN>
	</ROW>
	<ROW>
		<COLUMN NAME="USER_ID"><![CDATA[asd123]]></COLUMN>
		<COLUMN NAME="PASSWD"><![CDATA[123456789]]></COLUMN>
		<COLUMN NAME="USER_NAME"><![CDATA[이준dddddd]]></COLUMN>
		<COLUMN NAME="EMAIL"><![CDATA[T7h9Rhlsn88zJFh6bWiaaQ==]]></COLUMN>
		<COLUMN NAME="USER_LEVEL"><![CDATA[BASIC]]></COLUMN>
		<COLUMN NAME="POINT"><![CDATA[0]]></COLUMN>
		<COLUMN NAME="CELLPHONE"><![CDATA[cLFXqpC/+2pniNsliD1G8A==]]></COLUMN>
		<COLUMN NAME="BIRTH"><![CDATA[960904  ]]></COLUMN>
		<COLUMN NAME="REG_DT"><![CDATA[19/10/29]]></COLUMN>
		<COLUMN NAME="TOTAL_PAY"><![CDATA[0]]></COLUMN>
		<COLUMN NAME="FLAG"><![CDATA[0]]></COLUMN>
	</ROW>
	<ROW>
		<COLUMN NAME="USER_ID"><![CDATA[11363855]]></COLUMN>
		<COLUMN NAME="PASSWD"><![CDATA[00000000]]></COLUMN>
		<COLUMN NAME="USER_NAME"><![CDATA[신정희]]></COLUMN>
		<COLUMN NAME="EMAIL"><![CDATA[YwzYiH2JKSUvvX7ZttLEBZfrBw299C6mrMVPndYzzNQ=]]></COLUMN>
		<COLUMN NAME="USER_LEVEL"><![CDATA[BASIC]]></COLUMN>
		<COLUMN NAME="POINT"><![CDATA[0]]></COLUMN>
		<COLUMN NAME="CELLPHONE"><![CDATA[cLFXqpC/+2pniNsliD1G8A==]]></COLUMN>
		<COLUMN NAME="BIRTH"><![CDATA[20191015]]></COLUMN>
		<COLUMN NAME="REG_DT"><![CDATA[19/10/23]]></COLUMN>
		<COLUMN NAME="TOTAL_PAY"><![CDATA[0]]></COLUMN>
		<COLUMN NAME="FLAG"><![CDATA[1]]></COLUMN>
	</ROW>
	<ROW>
		<COLUMN NAME="USER_ID"><![CDATA[j03_126]]></COLUMN>
		<COLUMN NAME="PASSWD"><![CDATA[12345678]]></COLUMN>
		<COLUMN NAME="USER_NAME"><![CDATA[회원이름03]]></COLUMN>
		<COLUMN NAME="EMAIL"><![CDATA[PtqgYWaj2EiJQkHGJ2070KS62lLZWO5lpF7j9d6KBtk=]]></COLUMN>
		<COLUMN NAME="USER_LEVEL"><![CDATA[SILVER]]></COLUMN>
		<COLUMN NAME="POINT"><![CDATA[0]]></COLUMN>
		<COLUMN NAME="CELLPHONE"><![CDATA[0bJ7D3m0Io2qtWUUncX6fQ==]]></COLUMN>
		<COLUMN NAME="BIRTH"><![CDATA[19990103]]></COLUMN>
		<COLUMN NAME="REG_DT"><![CDATA[19/10/23]]></COLUMN>
		<COLUMN NAME="TOTAL_PAY"><![CDATA[200000]]></COLUMN>
		<COLUMN NAME="FLAG"><![CDATA[0]]></COLUMN>
	</ROW>
	<ROW>
		<COLUMN NAME="USER_ID"><![CDATA[j01_126]]></COLUMN>
		<COLUMN NAME="PASSWD"><![CDATA[12345678]]></COLUMN>
		<COLUMN NAME="USER_NAME"><![CDATA[회원이름01]]></COLUMN>
		<COLUMN NAME="EMAIL"><![CDATA[PtqgYWaj2EiJQkHGJ2070KS62lLZWO5lpF7j9d6KBtk=]]></COLUMN>
		<COLUMN NAME="USER_LEVEL"><![CDATA[BASIC]]></COLUMN>
		<COLUMN NAME="POINT"><![CDATA[0]]></COLUMN>
		<COLUMN NAME="CELLPHONE"><![CDATA[cLFXqpC/+2pniNsliD1G8A==]]></COLUMN>
		<COLUMN NAME="BIRTH"><![CDATA[19990101]]></COLUMN>
		<COLUMN NAME="REG_DT"><![CDATA[19/10/23]]></COLUMN>
		<COLUMN NAME="TOTAL_PAY"><![CDATA[190000]]></COLUMN>
		<COLUMN NAME="FLAG"><![CDATA[0]]></COLUMN>
	</ROW>
	<ROW>
		<COLUMN NAME="USER_ID"><![CDATA[j02_126]]></COLUMN>
		<COLUMN NAME="PASSWD"><![CDATA[12345678]]></COLUMN>
		<COLUMN NAME="USER_NAME"><![CDATA[회원이름02]]></COLUMN>
		<COLUMN NAME="EMAIL"><![CDATA[g35mQHMd94ov9ieQBkZTUd/vkfXOy3dtrOPvik7Agpg=]]></COLUMN>
		<COLUMN NAME="USER_LEVEL"><![CDATA[SILVER]]></COLUMN>
		<COLUMN NAME="POINT"><![CDATA[0]]></COLUMN>
		<COLUMN NAME="CELLPHONE"><![CDATA[pHmYY9IF+y1fK4GaOjoNuw==]]></COLUMN>
		<COLUMN NAME="BIRTH"><![CDATA[19990102]]></COLUMN>
		<COLUMN NAME="REG_DT"><![CDATA[19/10/23]]></COLUMN>
		<COLUMN NAME="TOTAL_PAY"><![CDATA[200000]]></COLUMN>
		<COLUMN NAME="FLAG"><![CDATA[0]]></COLUMN>
	</ROW>
	<ROW>
		<COLUMN NAME="USER_ID"><![CDATA[j04_126]]></COLUMN>
		<COLUMN NAME="PASSWD"><![CDATA[12345678]]></COLUMN>
		<COLUMN NAME="USER_NAME"><![CDATA[회원이름04]]></COLUMN>
		<COLUMN NAME="EMAIL"><![CDATA[g35mQHMd94ov9ieQBkZTUd/vkfXOy3dtrOPvik7Agpg=]]></COLUMN>
		<COLUMN NAME="USER_LEVEL"><![CDATA[GOLD]]></COLUMN>
		<COLUMN NAME="POINT"><![CDATA[0]]></COLUMN>
		<COLUMN NAME="CELLPHONE"><![CDATA[pHmYY9IF+y1fK4GaOjoNuw==]]></COLUMN>
		<COLUMN NAME="BIRTH"><![CDATA[19990104]]></COLUMN>
		<COLUMN NAME="REG_DT"><![CDATA[19/10/23]]></COLUMN>
		<COLUMN NAME="TOTAL_PAY"><![CDATA[400000]]></COLUMN>
		<COLUMN NAME="FLAG"><![CDATA[0]]></COLUMN>
	</ROW>
	<ROW>
		<COLUMN NAME="USER_ID"><![CDATA[j05_126]]></COLUMN>
		<COLUMN NAME="PASSWD"><![CDATA[12345678]]></COLUMN>
		<COLUMN NAME="USER_NAME"><![CDATA[회원이름05]]></COLUMN>
		<COLUMN NAME="EMAIL"><![CDATA[PtqgYWaj2EiJQkHGJ2070KS62lLZWO5lpF7j9d6KBtk=]]></COLUMN>
		<COLUMN NAME="USER_LEVEL"><![CDATA[GOLD]]></COLUMN>
		<COLUMN NAME="POINT"><![CDATA[0]]></COLUMN>
		<COLUMN NAME="CELLPHONE"><![CDATA[hGPxYZpZXQf0paGAJkChBg==]]></COLUMN>
		<COLUMN NAME="BIRTH"><![CDATA[19990105]]></COLUMN>
		<COLUMN NAME="REG_DT"><![CDATA[19/10/23]]></COLUMN>
		<COLUMN NAME="TOTAL_PAY"><![CDATA[500000]]></COLUMN>
		<COLUMN NAME="FLAG"><![CDATA[0]]></COLUMN>
	</ROW>
	<ROW>
		<COLUMN NAME="USER_ID"><![CDATA[dosam]]></COLUMN>
		<COLUMN NAME="PASSWD"><![CDATA[1234]]></COLUMN>
		<COLUMN NAME="USER_NAME"><![CDATA[도삼]]></COLUMN>
		<COLUMN NAME="EMAIL"><![CDATA[y51n6vD1PW6sc1iAjGCwzQ==]]></COLUMN>
		<COLUMN NAME="USER_LEVEL"><![CDATA[BASIC]]></COLUMN>
		<COLUMN NAME="POINT"><![CDATA[0]]></COLUMN>
		<COLUMN NAME="CELLPHONE"><![CDATA[iDBJRgWaYmOBydeMzMPY+A==]]></COLUMN>
		<COLUMN NAME="BIRTH"><![CDATA[19890711]]></COLUMN>
		<COLUMN NAME="REG_DT"><![CDATA[19/10/29]]></COLUMN>
		<COLUMN NAME="TOTAL_PAY"><![CDATA[0]]></COLUMN>
		<COLUMN NAME="FLAG"><![CDATA[0]]></COLUMN>
	</ROW>
	<ROW>
		<COLUMN NAME="USER_ID"><![CDATA[user02]]></COLUMN>
		<COLUMN NAME="PASSWD"><![CDATA[123]]></COLUMN>
		<COLUMN NAME="USER_NAME"><![CDATA[회원02]]></COLUMN>
		<COLUMN NAME="EMAIL"><![CDATA[email02@naver.com]]></COLUMN>
		<COLUMN NAME="USER_LEVEL"><![CDATA[BASIC]]></COLUMN>
		<COLUMN NAME="POINT"><![CDATA[0]]></COLUMN>
		<COLUMN NAME="CELLPHONE"><![CDATA[010-1111-1111]]></COLUMN>
		<COLUMN NAME="BIRTH"><![CDATA[20190415]]></COLUMN>
		<COLUMN NAME="REG_DT"><![CDATA[19/10/28]]></COLUMN>
		<COLUMN NAME="TOTAL_PAY"><![CDATA[0]]></COLUMN>
		<COLUMN NAME="FLAG"><![CDATA[0]]></COLUMN>
	</ROW>
	<ROW>
		<COLUMN NAME="USER_ID"><![CDATA[user01]]></COLUMN>
		<COLUMN NAME="PASSWD"><![CDATA[123]]></COLUMN>
		<COLUMN NAME="USER_NAME"><![CDATA[회원01]]></COLUMN>
		<COLUMN NAME="EMAIL"><![CDATA[email01@naver.com]]></COLUMN>
		<COLUMN NAME="USER_LEVEL"><![CDATA[BASIC]]></COLUMN>
		<COLUMN NAME="POINT"><![CDATA[0]]></COLUMN>
		<COLUMN NAME="CELLPHONE"><![CDATA[010-1111-1111]]></COLUMN>
		<COLUMN NAME="BIRTH"><![CDATA[20190415]]></COLUMN>
		<COLUMN NAME="REG_DT"><![CDATA[19/10/28]]></COLUMN>
		<COLUMN NAME="TOTAL_PAY"><![CDATA[0]]></COLUMN>
		<COLUMN NAME="FLAG"><![CDATA[0]]></COLUMN>
	</ROW>
	<ROW>
		<COLUMN NAME="USER_ID"><![CDATA[user03]]></COLUMN>
		<COLUMN NAME="PASSWD"><![CDATA[123]]></COLUMN>
		<COLUMN NAME="USER_NAME"><![CDATA[회원03]]></COLUMN>
		<COLUMN NAME="EMAIL"><![CDATA[email03@naver.com]]></COLUMN>
		<COLUMN NAME="USER_LEVEL"><![CDATA[BASIC]]></COLUMN>
		<COLUMN NAME="POINT"><![CDATA[0]]></COLUMN>
		<COLUMN NAME="CELLPHONE"><![CDATA[010-1111-1111]]></COLUMN>
		<COLUMN NAME="BIRTH"><![CDATA[20190415]]></COLUMN>
		<COLUMN NAME="REG_DT"><![CDATA[19/10/28]]></COLUMN>
		<COLUMN NAME="TOTAL_PAY"><![CDATA[0]]></COLUMN>
		<COLUMN NAME="FLAG"><![CDATA[0]]></COLUMN>
	</ROW>
	<ROW>
		<COLUMN NAME="USER_ID"><![CDATA[user04]]></COLUMN>
		<COLUMN NAME="PASSWD"><![CDATA[123]]></COLUMN>
		<COLUMN NAME="USER_NAME"><![CDATA[회원04]]></COLUMN>
		<COLUMN NAME="EMAIL"><![CDATA[email04@naver.com]]></COLUMN>
		<COLUMN NAME="USER_LEVEL"><![CDATA[BASIC]]></COLUMN>
		<COLUMN NAME="POINT"><![CDATA[0]]></COLUMN>
		<COLUMN NAME="CELLPHONE"><![CDATA[010-1111-1111]]></COLUMN>
		<COLUMN NAME="BIRTH"><![CDATA[20190415]]></COLUMN>
		<COLUMN NAME="REG_DT"><![CDATA[19/10/28]]></COLUMN>
		<COLUMN NAME="TOTAL_PAY"><![CDATA[0]]></COLUMN>
		<COLUMN NAME="FLAG"><![CDATA[0]]></COLUMN>
	</ROW>
	<ROW>
		<COLUMN NAME="USER_ID"><![CDATA[user05]]></COLUMN>
		<COLUMN NAME="PASSWD"><![CDATA[123]]></COLUMN>
		<COLUMN NAME="USER_NAME"><![CDATA[회원05]]></COLUMN>
		<COLUMN NAME="EMAIL"><![CDATA[email05@naver.com]]></COLUMN>
		<COLUMN NAME="USER_LEVEL"><![CDATA[BASIC]]></COLUMN>
		<COLUMN NAME="POINT"><![CDATA[0]]></COLUMN>
		<COLUMN NAME="CELLPHONE"><![CDATA[010-1111-1111]]></COLUMN>
		<COLUMN NAME="BIRTH"><![CDATA[20190415]]></COLUMN>
		<COLUMN NAME="REG_DT"><![CDATA[19/10/28]]></COLUMN>
		<COLUMN NAME="TOTAL_PAY"><![CDATA[0]]></COLUMN>
		<COLUMN NAME="FLAG"><![CDATA[0]]></COLUMN>
	</ROW>
	<ROW>
		<COLUMN NAME="USER_ID"><![CDATA[user06]]></COLUMN>
		<COLUMN NAME="PASSWD"><![CDATA[123]]></COLUMN>
		<COLUMN NAME="USER_NAME"><![CDATA[회원06]]></COLUMN>
		<COLUMN NAME="EMAIL"><![CDATA[email06@naver.com]]></COLUMN>
		<COLUMN NAME="USER_LEVEL"><![CDATA[BASIC]]></COLUMN>
		<COLUMN NAME="POINT"><![CDATA[0]]></COLUMN>
		<COLUMN NAME="CELLPHONE"><![CDATA[010-1111-1111]]></COLUMN>
		<COLUMN NAME="BIRTH"><![CDATA[20190415]]></COLUMN>
		<COLUMN NAME="REG_DT"><![CDATA[19/10/28]]></COLUMN>
		<COLUMN NAME="TOTAL_PAY"><![CDATA[0]]></COLUMN>
		<COLUMN NAME="FLAG"><![CDATA[0]]></COLUMN>
	</ROW>
	<ROW>
		<COLUMN NAME="USER_ID"><![CDATA[user07]]></COLUMN>
		<COLUMN NAME="PASSWD"><![CDATA[123]]></COLUMN>
		<COLUMN NAME="USER_NAME"><![CDATA[회원07]]></COLUMN>
		<COLUMN NAME="EMAIL"><![CDATA[email07@naver.com]]></COLUMN>
		<COLUMN NAME="USER_LEVEL"><![CDATA[BASIC]]></COLUMN>
		<COLUMN NAME="POINT"><![CDATA[0]]></COLUMN>
		<COLUMN NAME="CELLPHONE"><![CDATA[010-1111-1111]]></COLUMN>
		<COLUMN NAME="BIRTH"><![CDATA[20190415]]></COLUMN>
		<COLUMN NAME="REG_DT"><![CDATA[19/10/28]]></COLUMN>
		<COLUMN NAME="TOTAL_PAY"><![CDATA[0]]></COLUMN>
		<COLUMN NAME="FLAG"><![CDATA[0]]></COLUMN>
	</ROW>
	<ROW>
		<COLUMN NAME="USER_ID"><![CDATA[user08]]></COLUMN>
		<COLUMN NAME="PASSWD"><![CDATA[123]]></COLUMN>
		<COLUMN NAME="USER_NAME"><![CDATA[회원08]]></COLUMN>
		<COLUMN NAME="EMAIL"><![CDATA[email08@naver.com]]></COLUMN>
		<COLUMN NAME="USER_LEVEL"><![CDATA[BASIC]]></COLUMN>
		<COLUMN NAME="POINT"><![CDATA[0]]></COLUMN>
		<COLUMN NAME="CELLPHONE"><![CDATA[010-1111-1111]]></COLUMN>
		<COLUMN NAME="BIRTH"><![CDATA[20190415]]></COLUMN>
		<COLUMN NAME="REG_DT"><![CDATA[19/10/28]]></COLUMN>
		<COLUMN NAME="TOTAL_PAY"><![CDATA[0]]></COLUMN>
		<COLUMN NAME="FLAG"><![CDATA[0]]></COLUMN>
	</ROW>
	<ROW>
		<COLUMN NAME="USER_ID"><![CDATA[user09]]></COLUMN>
		<COLUMN NAME="PASSWD"><![CDATA[123]]></COLUMN>
		<COLUMN NAME="USER_NAME"><![CDATA[회원09]]></COLUMN>
		<COLUMN NAME="EMAIL"><![CDATA[email09@naver.com]]></COLUMN>
		<COLUMN NAME="USER_LEVEL"><![CDATA[BASIC]]></COLUMN>
		<COLUMN NAME="POINT"><![CDATA[0]]></COLUMN>
		<COLUMN NAME="CELLPHONE"><![CDATA[010-1111-1111]]></COLUMN>
		<COLUMN NAME="BIRTH"><![CDATA[20190415]]></COLUMN>
		<COLUMN NAME="REG_DT"><![CDATA[19/10/28]]></COLUMN>
		<COLUMN NAME="TOTAL_PAY"><![CDATA[0]]></COLUMN>
		<COLUMN NAME="FLAG"><![CDATA[0]]></COLUMN>
	</ROW>
	<ROW>
		<COLUMN NAME="USER_ID"><![CDATA[user10]]></COLUMN>
		<COLUMN NAME="PASSWD"><![CDATA[123]]></COLUMN>
		<COLUMN NAME="USER_NAME"><![CDATA[회원10]]></COLUMN>
		<COLUMN NAME="EMAIL"><![CDATA[email10@naver.com]]></COLUMN>
		<COLUMN NAME="USER_LEVEL"><![CDATA[BASIC]]></COLUMN>
		<COLUMN NAME="POINT"><![CDATA[0]]></COLUMN>
		<COLUMN NAME="CELLPHONE"><![CDATA[010-1111-1111]]></COLUMN>
		<COLUMN NAME="BIRTH"><![CDATA[20190415]]></COLUMN>
		<COLUMN NAME="REG_DT"><![CDATA[19/10/28]]></COLUMN>
		<COLUMN NAME="TOTAL_PAY"><![CDATA[0]]></COLUMN>
		<COLUMN NAME="FLAG"><![CDATA[0]]></COLUMN>
	</ROW>
	<ROW>
		<COLUMN NAME="USER_ID"><![CDATA[admin]]></COLUMN>
		<COLUMN NAME="PASSWD"><![CDATA[12345678]]></COLUMN>
		<COLUMN NAME="USER_NAME"><![CDATA[관리자]]></COLUMN>
		<COLUMN NAME="EMAIL"><![CDATA[g35mQHMd94ov9ieQBkZTUd/vkfXOy3dtrOPvik7Agpg=]]></COLUMN>
		<COLUMN NAME="USER_LEVEL"><![CDATA[admin]]></COLUMN>
		<COLUMN NAME="POINT"><![CDATA[1]]></COLUMN>
		<COLUMN NAME="CELLPHONE"><![CDATA[hIjcnJpz87RKYLdjZ5Zr5Q==]]></COLUMN>
		<COLUMN NAME="BIRTH"><![CDATA[190904  ]]></COLUMN>
		<COLUMN NAME="REG_DT"><![CDATA[19/10/10]]></COLUMN>
		<COLUMN NAME="TOTAL_PAY"><![CDATA[0]]></COLUMN>
		<COLUMN NAME="FLAG"><![CDATA[0       ]]></COLUMN>
	</ROW>
	<ROW>
		<COLUMN NAME="USER_ID"><![CDATA[qwe123]]></COLUMN>
		<COLUMN NAME="PASSWD"><![CDATA[123]]></COLUMN>
		<COLUMN NAME="USER_NAME"><![CDATA[김철수]]></COLUMN>
		<COLUMN NAME="EMAIL"><![CDATA[BSrNYfTGE67wv62NtbwpAw==]]></COLUMN>
		<COLUMN NAME="USER_LEVEL"><![CDATA[BASIC]]></COLUMN>
		<COLUMN NAME="POINT"><![CDATA[0]]></COLUMN>
		<COLUMN NAME="CELLPHONE"><![CDATA[BSrNYfTGE67wv62NtbwpAw==]]></COLUMN>
		<COLUMN NAME="BIRTH"><![CDATA[200101  ]]></COLUMN>
		<COLUMN NAME="REG_DT"><![CDATA[19/10/29]]></COLUMN>
		<COLUMN NAME="TOTAL_PAY"><![CDATA[0]]></COLUMN>
		<COLUMN NAME="FLAG"><![CDATA[0]]></COLUMN>
	</ROW>
</RESULTS>