<?xml version="1.0" encoding="UTF-8"?>
<!DOCTYPE mapper
  PUBLIC "-//mybatis.org//DTD Mapper 3.0//EN"
  "http://mybatis.org/dtd/mybatis-3-mapper.dtd">
<mapper namespace="kr.co.sunnyside.qna">

	<sql id="baseCondition">
			<choose>
				<when test="'10' == searchDiv">
					and TITLE LIKE CONCAT('%' , #{searchWord} , '%')
				</when>
				<when test="'20' == searchDiv">
					and CONTENTS LIKE CONCAT('%' , #{searchWord} , '%')
				</when>
				<when test="'30' == searchDiv">
					and REG_ID LIKE CONCAT('%' , #{searchWord}, '%')
				</when>
				<otherwise></otherwise>							
			</choose>
	</sql>
	
	<!-- 목록조회 -->
	<select id="do_retrieve" parameterType="SearchVO" resultType="KYMQnaVO">
	  SELECT T1.*,T2.*													
	  FROM                                                              
	  (                                                                 
	  	SELECT       
			  B.USER_ID      as userId    
			, B.QNA_NUM      as qnaNum    
			, B.TITLE        as title     
			, B.CONTENTS     as contents  
			, B.STATUS       as status    
			, CASE DATE_FORMAT(B.reg_dt, '%Y.%m.%d') when DATE_FORMAT(NOW(), '%Y.%m.%d') THEN DATE_FORMAT(NOW(), '%H:%i:%s')
            	ELSE DATE_FORMAT(B.reg_dt, '%Y.%m.%d') END AS regDt
			, B.ORG_FILE_NM  as orgFileNm 
			, B.SAVE_FILE_NM as saveFileNm
			, B.EXT          as ext       
			, B.FILE_SIZE    as fileSize  
			, B.RE_CONTENTS  as reContents
			, B.rnum         as num
			, CASE DATE_FORMAT(B.re_dt, '%Y.%m.%d') when DATE_FORMAT(NOW(), '%Y.%m.%d') THEN DATE_FORMAT(NOW(), '%H:%i:%s')
				ELSE DATE_FORMAT(B.re_dt, '%Y.%m.%d') END AS reDt
	  	FROM                                                           
	  	( 	
	  		SELECT <![CDATA[@rownum]]>:=<![CDATA[@rownum]]>+1 AS rnum, A.*                                 
	  		FROM                                                       
	  		(                                                           
	  			SELECT  *                                              
	  			FROM   QNA    
	  			WHERE  1=1
	  			AND reg_dt <![CDATA[ >  ]]> DATE_FORMAT('19700101','%Y%m%d')
	  			AND (<![CDATA[@rownum]]>:=0)=0
				<include refid="baseCondition"/>                                  
	  			ORDER BY reg_dt DESC
	  		)A                                                         			       
	  	) B            
	  	WHERE B.rnum <![CDATA[ <= ]]> (#{pageSize} * (#{pageNum}-1)+#{pageSize})                                                  
	  	AND B.rnum <![CDATA[ >= ]]> (#{pageSize} * (#{pageNum}-1)+1)                  				   
	  )T1
	  NATURAL JOIN                                                      
	  (                                                                 
	      SELECT COUNT(*) totalCnt                                     
	      FROM QNA       
	      WHERE  1=1                                                
	  	  <include refid="baseCondition"/>        		                               
	  )T2  
	</select>

	<update id="do_updateReadCnt" parameterType="KYMQnaVO">
		UPDATE QNA
		SET  READ_CNT = (SELECT IFNULL(MAX(READ_CNT),0)+1 FROM qna WHERE USER_ID = #{userId,jdbcType=VARCHAR})
		WHERE USER_ID = #{userId,jdbcType=VARCHAR}
	</update>

	<select id="do_boardIdList" parameterType="SearchVO" resultType="KYMQnaVO">
		SELECT
			  USER_ID      as userId    
			, QNA_NUM      as qnaNum    
			, TITLE        as title     
			, CONTENTS     as contents  
			, STATUS       as status    
			, REG_DT       as regDt     
			, ORG_FILE_NM  as orgFileNm 
			, SAVE_FILE_NM as saveFileNm
			, EXT          as ext       
			, FILE_SIZE    as fileSize  
			, RE_CONTENTS  as reContents
			, RE_DT        as reDt      
		FROM QNA
		WHERE USER_ID LIKE CONCAT('%', #{searchWord} , '%')
		ORDER BY USER_ID ASC
	</select>

	<!-- 단건조회 -->
	<select id="do_selectOne" parameterType="KYMQnaVO" resultType="KYMQnaVO">
		SELECT
			  USER_ID      as userId    
			, QNA_NUM      as qnaNum    
			, TITLE        as title     
			, CONTENTS     as contents  
			, STATUS       as status    
			, REG_DT       as regDt     
			, ORG_FILE_NM  as orgFileNm 
			, SAVE_FILE_NM as saveFileNm
			, EXT          as ext       
			, FILE_SIZE    as fileSize  
			, RE_CONTENTS  as reContents
			, RE_DT        as reDt  
		FROM QNA
		WHERE QNA_NUM = #{qnaNum,jdbcType=VARCHAR}
		AND USER_ID = #{userId,jdbcType=VARCHAR}
	</select>
	
	<!-- 수정 -->
	<update id="do_update" parameterType="KYMQnaVO">
		UPDATE QNA
		SET   
			  TITLE        = #{title   ,jdbcType=VARCHAR}
			, CONTENTS     = #{contents,jdbcType=VARCHAR}
			, STATUS       = #{status  ,jdbcType=VARCHAR}
			, REG_DT       = NOW()
			, ORG_FILE_NM  = #{orgFileNm ,jdbcType=VARCHAR}
			, SAVE_FILE_NM = #{saveFileNm,jdbcType=VARCHAR}
			, EXT          = #{ext       ,jdbcType=VARCHAR}
			, FILE_SIZE    = #{fileSize  ,jdbcType=VARCHAR}
			, RE_CONTENTS  = #{reContents,jdbcType=VARCHAR}
			, RE_DT        = NOW()
		WHERE USER_ID = #{userId,jdbcType=VARCHAR}
		AND QNA_NUM = #{qnaNum,jdbcType=VARCHAR}
	</update>
	
	<!--관리자 수정 -->
	<update id="do_updateTwo" parameterType="KYMQnaVO">
		UPDATE QNA
		SET   
			  QNA_NUM      = #{qnaNum  ,jdbcType=VARCHAR}
			, TITLE        = #{title   ,jdbcType=VARCHAR}
			, CONTENTS     = #{contents,jdbcType=VARCHAR}
			, STATUS       = #{status  ,jdbcType=VARCHAR}
			, ORG_FILE_NM  = #{orgFileNm ,jdbcType=VARCHAR}
			, SAVE_FILE_NM = #{saveFileNm,jdbcType=VARCHAR}
			, EXT          = #{ext       ,jdbcType=VARCHAR}
			, FILE_SIZE    = #{fileSize  ,jdbcType=VARCHAR}
			, RE_CONTENTS  = #{reContents,jdbcType=VARCHAR}
			, RE_DT        = NOW()
		WHERE USER_ID = #{userId,jdbcType=VARCHAR}
	</update>
	
	<!-- 등록 -->
	<insert id="do_save" parameterType="KYMQnaVO" >
		INSERT INTO QNA (
			  USER_ID
			, TITLE       
			, CONTENTS    
			, STATUS      
			, REG_DT      
			, ORG_FILE_NM 
			, SAVE_FILE_NM
			, EXT         
			, FILE_SIZE   
			, RE_CONTENTS 
			, RE_DT 
		) VALUES (
			  #{userId  ,jdbcType=VARCHAR}
			, #{title   ,jdbcType=VARCHAR}
			, #{contents,jdbcType=VARCHAR}
			, #{status  ,jdbcType=VARCHAR}
			, NOW()
			, #{orgFileNm ,jdbcType=VARCHAR}
			, #{saveFileNm,jdbcType=VARCHAR}
			, #{ext       ,jdbcType=VARCHAR}
			, #{fileSize  ,jdbcType=VARCHAR}
			, #{reContents,jdbcType=VARCHAR}
			, NOW()
		)
	</insert>
	
	<delete id="do_delete" parameterType="KYMQnaVO">
		DELETE FROM QNA
		WHERE QNA_NUM = #{qnaNum,jdbcType=VARCHAR}
	</delete>
	
	<select id="do_retrieveTwo" parameterType="CodeVO" resultType="CodeVO">
		SELECT b.code_id as codeId      
		     , b.code_nm as codeNm        
		     , b.num                      
		FROM CODE_TYPE a JOIN CODE b      
		ON a.code_type_id = b.code_type_id
		WHERE a.code_type_id = #{codeTypeId,jdbcType=VARCHAR}       
		AND b.use_yn = 1                  
		ORDER BY b.num                    
	</select>
	
</mapper>