"SCREEN_ID","ROOM_ID","BRANCH_ID","MOVIE_ID","START_TIME","END_TIME","SCREEN_DT","ADULT_COST","STUDENT_COST","EPISODE"
"95VUV8VG64SIELNKDKYX","N3LBNTOE94VU7YM79IJE","P5SWPSAWOVEWTCWU053H","F48401",19/10/15,19/10/15,19/10/15,9000,99999,1
"213123ad","597TX7QCY5IF3B0UX81","b2","F03610",19/09/30,19/09/30,19/09/30,10032,10,0
"CPP5RV8JCIOG8RTXTJY9","GSU5B5B7COD2VWD044BW","P5SWPSAWOVEWTCWU053H","K20477",19/10/30,19/10/30,19/10/30,54,545,4
"604PMI4WO7AM1SWBFS2J","597TX7QCY5IF3B0UX81I","b1","m1",19/09/30,19/09/30,19/09/30,10099,10,0
"MMSO0CROXOKFRHLEO1DZ","GSU5B5B7COD2VWD044BW","P5SWPSAWOVEWTCWU053H","F48214",19/10/14,19/10/14,19/10/14,99999,90,1
"2CEND5ODXB8RWZD1E1KH","N3LBNTOE94VU7YM79IJE","P5SWPSAWOVEWTCWU053H","A05778",19/10/14,19/10/14,19/10/14,2,2,2
"I7GGSSX2RUMOGLNS9VLX","N3LBNTOE94VU7YM79IJE","P5SWPSAWOVEWTCWU053H","F47502",19/10/14,19/10/14,19/10/14,2,2,2
"YEGHLVCI7JZL44S8CXFD","2FMKK1DIN3647L1K2MAA","PXGOC4X0M28DDVI7SVJ1","A05778",19/10/16,19/10/16,19/10/16,10000,8000,1
"2PKTYVUS8S2AVA0FP4PN","2FMKK1DIN3647L1K2MAA","PXGOC4X0M28DDVI7SVJ1","A05778",19/10/16,19/10/16,19/10/16,10000,8000,2
"0JIUR7JLXDX95NBJWE4V","N3LBNTOE94VU7YM79IJE","P5SWPSAWOVEWTCWU053H","K20477",19/10/14,19/10/14,19/10/14,55,5,5
"68WFB4CWKQI196PX9B9T","2FMKK1DIN3647L1K2MAA","PXGOC4X0M28DDVI7SVJ1","A05778",19/10/16,19/10/16,19/10/16,10000,8000,3
"OET2T01T8HWI5CSDTWPJ","2FMKK1DIN3647L1K2MAA","PXGOC4X0M28DDVI7SVJ1","A05778",19/10/16,19/10/16,19/10/16,10000,8000,4
"ZBSSMX0N9BD5WKVRLA4F","N3LBNTOE94VU7YM79IJE","P5SWPSAWOVEWTCWU053H","K21186",19/10/14,19/10/14,19/10/14,9,9,9
"LCUHZS85LA9DJIQ09Y8J","2FMKK1DIN3647L1K2MAA","PXGOC4X0M28DDVI7SVJ1","A05778",19/10/16,19/10/16,19/10/16,10000,8000,5
"MX3P49BN8629UE7P5LAB","N3LBNTOE94VU7YM79IJE","P5SWPSAWOVEWTCWU053H","A09106",19/10/14,19/10/14,19/10/14,11,11,11
"CBJ9KPJCCWQFP8PPV8HJ","2FMKK1DIN3647L1K2MAA","PXGOC4X0M28DDVI7SVJ1","F48958",19/10/17,19/10/17,19/10/17,10000,8000,3
"BA6R0NJEA0WG659OO8K2","2FMKK1DIN3647L1K2MAA","PXGOC4X0M28DDVI7SVJ1","F48958",19/10/17,19/10/17,19/10/17,8000,5000,1
"8O0AEK1QJYFK8EAMXY4C","2FMKK1DIN3647L1K2MAA","PXGOC4X0M28DDVI7SVJ1","F48958",19/10/17,19/10/17,19/10/17,10000,8000,2
"LYZJF7233E00K3CSEKMQ","2FMKK1DIN3647L1K2MAA","PXGOC4X0M28DDVI7SVJ1","F48336",19/10/17,19/10/17,19/10/17,10000,8000,4
"GS596494MS6IW3VRJMDO","2FMKK1DIN3647L1K2MAA","PXGOC4X0M28DDVI7SVJ1","F48336",19/10/17,19/10/17,19/10/17,10000,8000,5
"3KDXZ383SBFB0NTS28N2","2FMKK1DIN3647L1K2MAA","PXGOC4X0M28DDVI7SVJ1","F48336",19/10/17,19/10/17,19/10/17,10000,8000,6
"09M0IVS4PPHH40NGVDCZ","2FMKK1DIN3647L1K2MAA","PXGOC4X0M28DDVI7SVJ1","F48336",19/10/17,19/10/18,19/10/18,10000,8000,7
"02IA5TGODKWM3Q7C8XGY","C7055O9ZZ258D5JF9IAR","PXGOC4X0M28DDVI7SVJ1","F48336",19/10/16,19/10/17,19/10/17,12311,12311,1
"3VBOYMFV9SHE0A5N8Y3I","N3LBNTOE94VU7YM79IJE","P5SWPSAWOVEWTCWU053H","K21060",19/10/14,19/10/14,19/10/14,12000,10000,2
"QVG9HVCKLR711AC2LZC4","N3LBNTOE94VU7YM79IJE","P5SWPSAWOVEWTCWU053H","F48336",19/10/14,19/10/14,19/10/14,100,100,1
"3OJ74NEO1HJY8MMLJ26C","C7055O9ZZ258D5JF9IAR","PXGOC4X0M28DDVI7SVJ1","F48336",19/10/16,19/10/16,19/10/16,32,324,2
"B3BDQNL0OJKWV84KDWC6","I3VDK670AHAI9R1NJXI0","PXGOC4X0M28DDVI7SVJ1","F48336",19/10/16,19/10/16,19/10/16,123,123,1
