"USER_ID","PASSWD","USER_NAME","EMAIL","USER_LEVEL","POINT","CELLPHONE","BIRTH","REG_DT","TOTAL_PAY"
"j03_126","1234","회원이름03","glwlzkwp@naver.com","SILVER",0,"01000000003","19990103",19/10/16,200000
"asd","12345678","이혜준","spdl7845@naver.com","BASIC",0,"01028075881","19960904",19/10/16,0
"j04_126","1234","회원이름04","glwlzkwp@naver.com","GOLD",0,"01000000004","19990104",19/10/16,400000
"j05_126","1234","회원이름05","glwlzkwp@naver.com","GOLD",0,"01000000005","19990105",19/10/16,500000
"j01_126","1234","회원이름01","glwlzkwp@naver.com","BASIC",0,"01000000001","19990101",19/10/16,190000
"j02_126","1234","회원이름02","glwlzkwp@naver.com","SILVER",0,"01000000002","19990102",19/10/16,200000
"admin","1234","관리자","admin@naver.com","GOLD",0,"01015440013","19/09/04",19/10/10,0
