<?xml version="1.0" encoding="UTF-8"?>
<!DOCTYPE mapper PUBLIC "-//mybatis.org//DTD Mapper 3.0//EN" "http://mybatis.org/dtd/mybatis-3-mapper.dtd">
<mapper namespace="kr.co.sunnyside.planed">

	<sql id="planedColumns">						
		movie_id as movieId
	    ,kortitle
	    ,engtitle
	    ,limitage
	    ,genre
	    ,rel_date as relDate
	    ,director
	    ,cast
	    ,running_time as runningTime
	    ,synopsis
	    ,poster
	    ,expert_rate as expertRate
	    ,visitor_rate as visitorRate
	    ,screen_state as screenState
	</sql>
	
	<sql id="planedBaseCondition">
		<choose>
			<when test="'10' == searchDiv">
				and KORTITLE LIKE CONCAT('%',#{searchWord},'%')					
			</when>
			<when test="'20' == searchDiv">
				and DIRECTOR LIKE CONCAT('%',#{searchWord},'%')				
			</when>
		</choose>
	</sql>
	
	<!-- 영화 조회 -->
	<select id="do_planedUp_retrieve" parameterType="Search" resultType="Movie">
	  SELECT T1.*,T2.*                                       
     FROM                                                              
     (                                                                 
        SELECT                                                         
			B.movie_id as movieId                       
			,B.kortitle                                 
			,B.engtitle                                 
			,B.limitage                                 
			,B.genre                                    
			,DATE_FORMAT(B.rel_date,'%Y.%m.%d') as relDate
			,B.director                                 
			,B.cast                                     
			,B.running_time as runningTime              
			,B.synopsis                                 
			,B.poster                                   
			,B.expert_rate as expertRate                
			,B.visitor_rate as visitorRate              
			,B.screen_state as screenState 
		FROM                                                           
        (    
        	SELECT <![CDATA[@rownum]]>:=<![CDATA[@rownum]]>+1 AS rnum, A.*                                 
           FROM                                                       
           (                                                           
              SELECT  *                                              
              FROM   MOVIE                        
              WHERE screen_state NOT IN ('010', '020')   
              AND (<![CDATA[@rownum]]>:=0)=0
              <include refid="planedBaseCondition"/>                                        
              ORDER BY rel_date DESC                                    
           )A                                                                                 
        ) B                                                           
        WHERE B.rnum <![CDATA[ <= ]]> (#{pageSize} * (#{pageNum}-1)+#{pageSize})      
        AND B.rnum <![CDATA[ >= ]]> (#{pageSize} * (#{pageNum}-1)+1)                                 
     )T1
     NATURAL JOIN                                                      
     (                                                                 
         SELECT COUNT(*) totalCnt                                     
         FROM MOVIE       
         WHERE screen_state NOT IN ('010', '020')                                  
         <include refid="planedBaseCondition"/>                                             
     )T2  
	</select>	
	
	<!-- 목록조회 -->
	<select id="do_retrieve" parameterType="Search" resultType="Movie">
	  SELECT T1.*,T2.*                                       
     FROM                                                              
     (                                                                 
        SELECT                                                         
			B.movie_id as movieId                       
			,B.kortitle                                 
			,B.engtitle                                 
			,B.limitage                                 
			,B.genre                                    
			,DATE_FORMAT(B.rel_date,'%Y.%m.%d') as relDate
			,B.director                                 
			,B.cast                                     
			,B.running_time as runningTime              
			,B.synopsis                                 
			,B.poster                                   
			,B.expert_rate as expertRate                
			,B.visitor_rate as visitorRate              
			,B.screen_state as screenState 
		FROM                                                           
        (   
        	SELECT <![CDATA[@rownum]]>:=<![CDATA[@rownum]]>+1 AS rnum, A.*                                 
           FROM                                                       
           (                                                           
              SELECT  *                                              
              FROM   MOVIE    
              WHERE  1=1                          
              AND screen_state = '020'
              AND (<![CDATA[@rownum]]>:=0)=0
              <include refid="planedBaseCondition"/>                                        
              ORDER BY rel_date ASC                                   
           )A                
        ) B           
        WHERE B.rnum <![CDATA[ <= ]]> (#{pageSize} * (#{pageNum}-1)+#{pageSize})                                                           
        AND B.rnum <![CDATA[ >= ]]> (#{pageSize} * (#{pageNum}-1)+1)                                 
     )T1
     NATURAL JOIN                                                      
     (                                                                 
         SELECT COUNT(*) totalCnt                                     
         FROM MOVIE       
         WHERE  1=1     
         AND screen_state = '020'                                           
          <include refid="planedBaseCondition"/>                                             
     )T2  
	</select>	
	
	<!-- 단건조회 -->
	<select id="do_selectOne" parameterType="Movie" resultType="Movie">
		SELECT
		    <include refid="planedColumns"></include> 
		FROM
		    MOVIE
		WHERE
		    movie_id = #{movieId, jdbcType=VARCHAR}
		AND
			screen_state = '020'       
	</select>
	
	<!-- 최신개봉으로 상태 변경(상영중으로 상태 변경)(010) -->
	<update id="do_update_planedToScreen" parameterType="Movie">	
		UPDATE 
			MOVIE
		SET 
			SCREEN_STATE = '010'
		WHERE  
			movie_id = #{movieId, jdbcType=VARCHAR}
	</update>
	
	<!-- 비 상영상태로 상태 변경(000) -->
	<update id="do_update_planedDown" parameterType="Movie">	
		UPDATE 
			MOVIE
		SET 
			SCREEN_STATE = '000'
		WHERE  
			movie_id = #{movieId, jdbcType=VARCHAR}
	</update>

	<!-- 기본상태로 상태 변경(020) -->
	<update id="do_update_planedUp" parameterType="Movie">	
		UPDATE 
			MOVIE
		SET 
			SCREEN_STATE = '020'
		WHERE  
			movie_id = #{movieId, jdbcType=VARCHAR}
	</update>
	
</mapper>