<?xml version="1.0" encoding="UTF-8"?>
<!DOCTYPE mapper PUBLIC "-//mybatis.org//DTD Mapper 3.0//EN" "http://mybatis.org/dtd/mybatis-3-mapper.dtd">
<mapper namespace="kr.co.sunnyside.boxoffice">
	
	<!-- select로 가져올 때 사용되는 movie, boxoffice 공통 칼럼 -->
	<sql id="movieBoxJoinColumns">						
		m.movie_id 	      as movieId,
	    m.kortitle, 	      
	    m.engtitle, 	      
	    m.limitage, 	      
	    m.genre,    	     
	    DATE_FORMAT(m.rel_date, '%Y.%m.%d') as relDate,
	    m.director, 	      
	    m.cast,     	      
	    m.running_time    as runningTime,
	    m.synopsis,       
	    m.poster,         
	    m.expert_rate     as expertRate,
	    m.visitor_rate    as visitorRate,
	    m.screen_state    as screenState,
	    m.boxoffice_state as boxofficeState,
	    b.movie_rank      as movieRank
	</sql>

	<!-- 메인 박스오피스 목록조회(8개) -->
	<select id="do_retrieve_main" resultType="Movie">
		SELECT
		    <include refid="movieBoxJoinColumns"></include>
		FROM
		    MOVIE m JOIN BOXOFFICE b
		ON
		    m.movie_id = b.movie_id
		WHERE 
			b.movie_rank <![CDATA[ <= ]]>  8
		ORDER BY
		    b.movie_rank
	</select>
	
	<!-- 목록조회 -->
	<select id="do_retrieve" resultType="Movie">
		SELECT
		    <include refid="movieBoxJoinColumns"></include>
		FROM
		    MOVIE m JOIN BOXOFFICE b
		ON
		    m.movie_id = b.movie_id
		ORDER BY
		    b.movie_rank
	</select>
	
	<!-- 단건조회 -->
	<select id="do_selectOne" parameterType="Movie" resultType="Movie">
		SELECT
		    <include refid="movieBoxJoinColumns"></include>
		FROM
		    MOVIE m JOIN BOXOFFICE b
		ON
		    m.movie_id = b.movie_id
		WHERE 
		    m.movie_id = #{movieId, jdbcType=VARCHAR}
<!-- 		AND  -->
<!-- 			m.boxoffice_state = '1' -->
		ORDER BY
		    b.movie_rank
	</select>

	<!-- 박스오피스 삭제 -->
	<delete id="do_delete" parameterType="Movie">
		DELETE FROM boxoffice
	</delete>
	
	<!-- 박스오피스 테이블에 movieId, 순위 정보 저장	-->
	<insert id="do_save" parameterType="Movie">	
		INSERT INTO BOXOFFICE (
		    movie_id,
		    movie_rank
		) VALUES (
		    (SELECT movie_id
		     from movie
		     WHERE kortitle LIKE CONCAT('%',#{kortitle},'%')
		     AND rel_date >= #{relDate, jdbcType=VARCHAR}),
		    #{movieRank, jdbcType=VARCHAR}
		)		
	</insert>
	
	<!-- 박스오피스 상태 true(0)으로 수정 -->
	<update id="do_boxofficeOff_update" parameterType="Movie">	
		UPDATE 
			MOVIE
		SET
		    boxoffice_state = '0'
		WHERE
			boxoffice_state = '1'
	</update>
	
	<!-- 박스오피스 상태 true(1)으로 수정 -->
	<update id="do_boxofficeOn_update" parameterType="Movie">	
		UPDATE 
			MOVIE
		SET
		    boxoffice_state = '1'
		WHERE
		    kortitle LIKE CONCAT('%',#{kortitle},'%')
		AND 
			rel_date = #{relDate, jdbcType=VARCHAR}
	</update>
	
	<!-- 순위 수정 -->
<!-- 	<update id="do_rank_update" parameterType="Boxoffice">	 -->
<!-- 		UPDATE  -->
<!-- 			boxoffice -->
<!-- 		SET  -->
<!-- 			movie_rank = #{movieRank, jdbcType=VARCHAR} -->
<!-- 		WHERE  -->
<!-- 			movie_id = #{movieId, jdbcType=VARCHAR} -->
<!-- 	</update> -->



	<!-- 영화 등록(kobis) -->
<!-- 	<insert id="do_save" parameterType="Boxoffice"> -->
<!-- 		INSERT INTO boxoffice ( -->
<!-- 		    <include refid="movieDBColumns"></include>  -->
<!-- 		)  -->
<!-- 		SELECT  -->
<!-- 			<include refid="movieDBColumns"></include> -->
<!-- 		FROM  movie -->
<!-- 		WHERE kortitle LIKE '%'|| #{kortitle} || '%' -->
<!-- 		AND rel_date = #{relDate, jdbcType=VARCHAR} -->
<!-- 	</insert> -->
	
</mapper>