<?xml version="1.0" encoding="UTF-8" ?>	
<!DOCTYPE mapper	
  PUBLIC "-//mybatis.org//DTD Mapper 3.0//EN"	
  "http://mybatis.org/dtd/mybatis-3-mapper.dtd">	
<mapper namespace="kr.co.sunnyside.login">
	
	
	
	<!-- 비밀번호 찾기 -->
	<update id="pw_find" parameterType="SJH_LoginVO">
		UPDATE USER_INFO
		SET
			passwd = (	SELECT SUBSTR(CONCAT(MD5(RAND()),MD5(RAND())),1,15)
						 FROM DUAL
					 )
		WHERE
			user_id 		= #{userId,jdbcType=VARCHAR}
			AND user_name 	= #{userName,jdbcType=VARCHAR}
			AND email 		= #{email,jdbcType=VARCHAR}
	</update>

	
	<!-- 아이디 찾기 -->
	<select id="id_find" parameterType="SJH_LoginVO" resultType="SJH_LoginVO">
		SELECT
		    user_id as userId
		FROM
		    USER_INFO
		WHERE   email =  #{email,jdbcType=VARCHAR}
		AND     user_name = #{userName,jdbcType=VARCHAR} 
	</select>
	
	
	<!-- 회원가입 -->
	<insert id="do_save" parameterType="SJH_LoginVO">
		INSERT INTO USER_INFO (
		                    user_id,
		                    passwd,
		                    user_name,
		                    email,
		                    user_level,
		                    point,
		                    cellphone,
		                    birth,
		                    reg_dt,
		                    total_pay,
		                    flag      
		                ) VALUES (          
		                    #{userId,jdbcType=VARCHAR},              
		                    IFNULL(#{passwd,jdbcType=VARCHAR},'00000000'),              
		                    #{userName,jdbcType=VARCHAR},
		                    #{email,jdbcType=VARCHAR},              
		                    IFNULL(#{userLevel,jdbcType=VARCHAR},'BASIC'),             
		                    IFNULL(#{point,jdbcType=NUMERIC},0),            
		                    #{cellphone,jdbcType=VARCHAR},
		                    #{birth,jdbcType=VARCHAR},  
		                    NOW(),
		                    IFNULL(#{totalPay,jdbcType=NUMERIC},0),
		                    IFNULL(#{flag,jdbcType=NUMERIC},0)           
		                )               
	</insert>
	
	
	<!-- 단건조회 -->
	<select id="do_selectOne" parameterType="SJH_LoginVO" resultType="SJH_LoginVO">
		SELECT										
		    user_id as userId,
		    passwd,
		    user_name as userName,
		    email as email,
		    user_level as userLevel,
		    point,
            cellphone as cellphone,
		    birth,
		    reg_dt as regDt,
		    total_pay as totalPay,
		    flag
		FROM                                     
		    USER_INFO                                
		WHERE user_id = #{userId,jdbcType=VARCHAR}                       
	</select>
	
	
    <!-- 아이디 체크 -->
	<select id="id_check" parameterType="SJH_LoginVO" resultType="int">
		SELECT COUNT(*) CNT
		FROM USER_INFO
		WHERE user_id = #{userId,jdbcType=VARCHAR}
	</select>
	
	
	<!-- 비번 체크 -->
	<select id="passwd_check" parameterType="SJH_LoginVO" resultType="int">
		SELECT COUNT(*) CNT
		FROM USER_INFO
		WHERE user_id = #{userId,jdbcType=VARCHAR}	
		AND passwd = #{passwd,jdbcType=VARCHAR}	
	</select>

</mapper>

